record_id,year,problem,aggregation_key,material_role,blind_test,file_path,extension,size_bytes,sha256,detected_format,format_status,naming_flags
problem:2020:C:09ffef2f508a,2020,C,2020-C,statement_or_supplement,no,papers/problems/2020/2020年C题/2020年C题--面向康复工程的脑电信号分析和判别模型.docx,docx,925060,975960e8a37d80ddd32a548742c275ba8b32b54d0f611eb69e33520c37d74607,OOXML,ok,
problem:2020:C:b7ab1fb364f2,2020,C,2020-C,statement_or_supplement,no,papers/problems/2020/2020年C题/2020年中国研究生数学建模竞赛C题补充说明.md,md,1018,dd8531c51112d2c2a64fea166ce41eb8029357a14215f0a814a3d2d92a33dbb4,text_or_domain_data,unchecked,
problem:2020:C:c79baa9e2c85,2020,C,2020-C,attachment,no,papers/problems/2020/2020年C题/附件1-P300脑机接口数据/S1/S1_test_data.xlsx,xlsx,8904920,d1992c4721aa203479553dc366a4d66595ff338678b12c581de0cfbdec31c290,OOXML,ok,
problem:2020:C:12293699d3f4,2020,C,2020-C,attachment,no,papers/problems/2020/2020年C题/附件1-P300脑机接口数据/S1/S1_test_event.xlsx,xlsx,22496,7cce68e9201b14251ffc80a64f0a437a28702ec6e1e5bd4142ad5a381d8cdec6,OOXML,ok,
problem:2020:C:d12340c59888,2020,C,2020-C,attachment,no,papers/problems/2020/2020年C题/附件1-P300脑机接口数据/S1/S1_train_data.xlsx,xlsx,10677451,312642303d1e7cf58bbc16a1e71b176c78c142660ec2403d5a06185e49fd1f5b,OOXML,ok,
problem:2020:C:f586e77007d1,2020,C,2020-C,attachment,no,papers/problems/2020/2020年C题/附件1-P300脑机接口数据/S1/S1_train_event.xlsx,xlsx,25641,d2c645397f160dd9c886fe7e7a8424c5a9a1c61610ec3a2da19d881e81b0a5b3,OOXML,ok,
problem:2020:C:bdd68e4d04b9,2020,C,2020-C,attachment,no,papers/problems/2020/2020年C题/附件1-P300脑机接口数据/S2/S2_test_data.xlsx,xlsx,8565080,50c3ba64beab40d7d45fcbdb2863b1dbddbe731ee74418ca94f71d109b873a5a,OOXML,ok,
problem:2020:C:c0e736addf71,2020,C,2020-C,attachment,no,papers/problems/2020/2020年C题/附件1-P300脑机接口数据/S2/S2_test_event.xlsx,xlsx,20992,9458f0fa18c74c4ed34f192a2714ff3a263b94cac361f3dc32fe6595517c7186,OOXML,ok,
problem:2020:C:b95411bcfd44,2020,C,2020-C,attachment,no,papers/problems/2020/2020年C题/附件1-P300脑机接口数据/S2/S2_train_data.xlsx,xlsx,10264785,2a625246d45a3a2ff448ae52db1a020528d3dd8c4d3a073cb31f72d79cb6e46a,OOXML,ok,
problem:2020:C:4e89f343437e,2020,C,2020-C,attachment,no,papers/problems/2020/2020年C题/附件1-P300脑机接口数据/S2/S2_train_event.xlsx,xlsx,25592,db11379c1dd46bde45d7889561654d29e9f5f658eb7332884869cff604319ef7,OOXML,ok,
problem:2020:C:1f9d06dacbaa,2020,C,2020-C,attachment,no,papers/problems/2020/2020年C题/附件1-P300脑机接口数据/S3/S3_test_data.xlsx,xlsx,8020035,8b4916f2cd2e0871202a71d2f70129201d9688c82429829c30bbce08034fff0c,OOXML,ok,
problem:2020:C:569c989d800a,2020,C,2020-C,attachment,no,papers/problems/2020/2020年C题/附件1-P300脑机接口数据/S3/S3_test_event.xlsx,xlsx,22489,d4fa4a38de71b40f3b79a5660851d92507089e08677bc05c48420e7897e07f95,OOXML,ok,
problem:2020:C:df97746f3326,2020,C,2020-C,attachment,no,papers/problems/2020/2020年C题/附件1-P300脑机接口数据/S3/S3_train_data.xlsx,xlsx,10667140,03596efae58aa198cd76887bae7c731fa015a6f7bfd6fbf68cc605ad7341aa36,OOXML,ok,
problem:2020:C:9c36d098796c,2020,C,2020-C,attachment,no,papers/problems/2020/2020年C题/附件1-P300脑机接口数据/S3/S3_train_event.xlsx,xlsx,25575,aa4183b25afdd70285156db267e4809d6b6eaa3bb16a4a78be6cca3036cef5cf,OOXML,ok,
problem:2020:C:01bf1cb4c1c9,2020,C,2020-C,attachment,no,papers/problems/2020/2020年C题/附件1-P300脑机接口数据/S4/S4_test_data.xlsx,xlsx,8655684,c693173b4aa196841bed03538bc6761335dcdc87621c75beb32461171b403c5f,OOXML,ok,
problem:2020:C:b327de36f01c,2020,C,2020-C,attachment,no,papers/problems/2020/2020年C题/附件1-P300脑机接口数据/S4/S4_test_event.xlsx,xlsx,22449,a35fd6821ebcbb04f1fc8875509532009f4ae267de317ffc0344e6711c1f9715,OOXML,ok,
problem:2020:C:c37df8f4961b,2020,C,2020-C,attachment,no,papers/problems/2020/2020年C题/附件1-P300脑机接口数据/S4/S4_train_data.xlsx,xlsx,10338583,90a73f1478bda89f464f0a65b4fbaa87f33cc7ebdaecbad512c832058f109351,OOXML,ok,
problem:2020:C:e056ee389b45,2020,C,2020-C,attachment,no,papers/problems/2020/2020年C题/附件1-P300脑机接口数据/S4/S4_train_event.xlsx,xlsx,25522,200e7676fcf03ea9ec4d9a192a91f44e8538d9bd7ff225927a0a329f9aeca2e7,OOXML,ok,
problem:2020:C:a6edc34906a2,2020,C,2020-C,attachment,no,papers/problems/2020/2020年C题/附件1-P300脑机接口数据/S5/S5_test_data.xlsx,xlsx,8661224,a8dcd779ee4937102e17acf4efc6d4570bb759e8659d1b3efefe06013d416413,OOXML,ok,
problem:2020:C:ea7d50563ef7,2020,C,2020-C,attachment,no,papers/problems/2020/2020年C题/附件1-P300脑机接口数据/S5/S5_test_event.xlsx,xlsx,22534,c3f2d7f9ee2317c76fd520292c33a84068fb85878657cb61b12de5d210aec2b6,OOXML,ok,
problem:2020:C:e5f0ed0d1890,2020,C,2020-C,attachment,no,papers/problems/2020/2020年C题/附件1-P300脑机接口数据/S5/S5_train_data.xlsx,xlsx,10363553,136387541c8655bf0b2e2ba787e559731aee999a2307192913243858aa202a1a,OOXML,ok,
problem:2020:C:590b593d4655,2020,C,2020-C,attachment,no,papers/problems/2020/2020年C题/附件1-P300脑机接口数据/S5/S5_train_event.xlsx,xlsx,25537,28f1d5b78bcff071e50e28a72387b4e381a57f7bc970a98daac3de36a4548e2f,OOXML,ok,
problem:2020:C:a0a0d3ad1c3b,2020,C,2020-C,attachment,no,papers/problems/2020/2020年C题/附件2-睡眠脑电数据.xlsx,xlsx,114605,3201a619209a37eef60f7f8e006871633e1ec1585d88ac5c75340cdc743ef8e3,OOXML,ok,
problem:2020:D:c07437905279,2020,D,2020-D,statement_or_supplement,no,papers/problems/2020/2020年D题--无人机集群协同对抗.doc,doc,257536,3b0103ffd893eea583c03a26a6c010b5776e27c86c8549c40499243f1eac7522,OLE compound document,ok,
problem:2020:E:6804191315fd,2020,E,2020-E,statement_or_supplement,no,papers/problems/2020/2020年E题/2020年E题--能见度估计与预测.doc,doc,111104,9687dd1be18e2caf52abd936e083635216edd264bd7bf7e9791ca1966f50b151,OLE compound document,ok,
problem:2020:E:7fbadf59597a,2020,E,2020-E,attachment,no,papers/problems/2020/2020年E题/机场AMOS观测/╗·│íAMOS╣█▓Γ/AMOS20191216/PTU_R06_15.his,his,193121,383191a46ee5bc46306a0f31d7a88b7f7911c7e68d974e1a0489398acf180964,text_or_domain_data,unchecked,suspected_mojibake
problem:2020:E:b76dfef53f47,2020,E,2020-E,attachment,no,papers/problems/2020/2020年E题/机场AMOS观测/╗·│íAMOS╣█▓Γ/AMOS20191216/VIS_R06_15.his,his,1706859,e156464244101f8e9d42589fa896484ecd3785c2d94dfc2fd83abe526f34c7af,text_or_domain_data,unchecked,suspected_mojibake
problem:2020:E:2917f51249be,2020,E,2020-E,attachment,no,papers/problems/2020/2020年E题/机场AMOS观测/╗·│íAMOS╣█▓Γ/AMOS20191216/WIND_R06_15.his,his,890891,d169851b2342b48100abf994460ce90686d650d19602617f36a3441498309139,text_or_domain_data,unchecked,suspected_mojibake
problem:2020:E:3c6cab7fbc20,2020,E,2020-E,attachment,no,papers/problems/2020/2020年E题/机场AMOS观测/╗·│íAMOS╣█▓Γ/AMOS20200313/PTU_R06_12.his,his,193748,d832a3476dfc3276b48b10b52e8bcf118e62bf935f934ce5b4e95b3f96413cdd,text_or_domain_data,unchecked,suspected_mojibake
problem:2020:E:47183d1bdc82,2020,E,2020-E,attachment,no,papers/problems/2020/2020年E题/机场AMOS观测/╗·│íAMOS╣█▓Γ/AMOS20200313/VIS_R06_12.his,his,1700858,06a02cba2a25d68baa4b2e47fd6fdd9c501038aac5bc3f0edfc29d856f0f99dd,text_or_domain_data,unchecked,suspected_mojibake
problem:2020:E:ec7e289d9e1f,2020,E,2020-E,attachment,no,papers/problems/2020/2020年E题/机场AMOS观测/╗·│íAMOS╣█▓Γ/AMOS20200313/WIND_R06_12.his,his,916086,8f2a0421490c39fe43fc8a10ff2cec212797d3d10a5c016e6361d2b193bb8974,text_or_domain_data,unchecked,suspected_mojibake
problem:2020:E:87fa1c26a1e7,2020,E,2020-E,attachment,no,papers/problems/2020/2020年E题/机场AMOS观测/╗·│íAMOS╣█▓Γ/AMOS╫╩┴╧╕±╩╜╦╡├≈ .docx,docx,15183,71b2d4cb8e838bb9a01acae1d1b1e64881698ff810484f3d9156f029eee66026,OOXML,ok,suspected_mojibake;stray_space
problem:2020:E:d75a60c98ac2,2020,E,2020-E,attachment,no,papers/problems/2020/2020年E题/机场视频参见百度云网盘.md,md,210,fddad5e72ddf21723c394a3d22f53828858dad7753c673b1594f1ae4f0607418,text_or_domain_data,unchecked,
problem:2020:E:a6ffd953f10c,2020,E,2020-E,statement_or_supplement,no,papers/problems/2020/2020年E题/能见度估计与预测.doc,doc,139776,84885b986702a05f72af007faaf9c24969d46c7e37d34f2b0c3a1af862405fd9,OLE compound document,ok,
problem:2020:E:7e7aced82689,2020,E,2020-E,attachment,no,papers/problems/2020/2020年E题/能见度估计与预测.pdf,pdf,661546,e274df55b56ac1d648a72309e9a8a3161b0789f3b5302cc379f19b73e3514923,PDF,ok,
problem:2020:E:c419359f200b,2020,E,2020-E,attachment,no,papers/problems/2020/2020年E题/高速公路视频截图/╕▀╦┘╣½┬╖╩╙╞╡╜╪═╝/original_frame1.bmp,bmp,2764854,a7aee74b65ad58a8074faec10d15ca782c1b5e06802a41b6ee58cc0c98fc6915,BMP,ok,suspected_mojibake
problem:2020:E:588a0a7806f5,2020,E,2020-E,attachment,no,papers/problems/2020/2020年E题/高速公路视频截图/╕▀╦┘╣½┬╖╩╙╞╡╜╪═╝/original_frame10.bmp,bmp,2764854,13b44a8129916e5978b71bfdad7f9477cd71692df4043618197042aa7e9952aa,BMP,ok,suspected_mojibake
problem:2020:E:0b2dff03572b,2020,E,2020-E,attachment,no,papers/problems/2020/2020年E题/高速公路视频截图/╕▀╦┘╣½┬╖╩╙╞╡╜╪═╝/original_frame100.bmp,bmp,2764854,94a342efcc6e5e42b2c684c77d1905acad88fc3f50c23f2276aefce5428af58f,BMP,ok,suspected_mojibake
problem:2020:E:8d5fcd3288d0,2020,E,2020-E,attachment,no,papers/problems/2020/2020年E题/高速公路视频截图/╕▀╦┘╣½┬╖╩╙╞╡╜╪═╝/original_frame11.bmp,bmp,2764854,6d703f1103b05aa8cdebccdbb709cb9fa8a39da1f94d90ae37bcadb19d18c666,BMP,ok,suspected_mojibake
problem:2020:E:d90e9e9fe064,2020,E,2020-E,attachment,no,papers/problems/2020/2020年E题/高速公路视频截图/╕▀╦┘╣½┬╖╩╙╞╡╜╪═╝/original_frame12.bmp,bmp,2764854,fa1275ece50cffdb0f4bab1349f5ed824596c220092f5c5f3aaef0617046809e,BMP,ok,suspected_mojibake
problem:2020:E:be9a8479b288,2020,E,2020-E,attachment,no,papers/problems/2020/2020年E题/高速公路视频截图/╕▀╦┘╣½┬╖╩╙╞╡╜╪═╝/original_frame13.bmp,bmp,2764854,200808e35b2be215e666983c4a4feb240a32ef91cf7ac0031e773158b5e5a625,BMP,ok,suspected_mojibake
problem:2020:E:68c98c8a055c,2020,E,2020-E,attachment,no,papers/problems/2020/2020年E题/高速公路视频截图/╕▀╦┘╣½┬╖╩╙╞╡╜╪═╝/original_frame14.bmp,bmp,2764854,26b855916680d86646ae3ba8d00e112b6a86a05a88771b53a1321030ee46fd78,BMP,ok,suspected_mojibake
problem:2020:E:66d06b61d60a,2020,E,2020-E,attachment,no,papers/problems/2020/2020年E题/高速公路视频截图/╕▀╦┘╣½┬╖╩╙╞╡╜╪═╝/original_frame15.bmp,bmp,2764854,883178c04e827576c9e119c94da75cafa925cf8549529973c64274ae1e1d2c15,BMP,ok,suspected_mojibake
problem:2020:E:f8fbc13bd9d6,2020,E,2020-E,attachment,no,papers/problems/2020/2020年E题/高速公路视频截图/╕▀╦┘╣½┬╖╩╙╞╡╜╪═╝/original_frame16.bmp,bmp,2764854,16a6af6cdcf65d977dbb9e33ba426f1c472d8f38a09196337d22cf14f8d354e4,BMP,ok,suspected_mojibake
problem:2020:E:0fe3909cd41b,2020,E,2020-E,attachment,no,papers/problems/2020/2020年E题/高速公路视频截图/╕▀╦┘╣½┬╖╩╙╞╡╜╪═╝/original_frame17.bmp,bmp,2764854,e1cf9a9ec158cfcf102b6fcc720a9bb1a5bd9ca19b9b78d328831b9b0699c976,BMP,ok,suspected_mojibake
problem:2020:E:87836fef0a5e,2020,E,2020-E,attachment,no,papers/problems/2020/2020年E题/高速公路视频截图/╕▀╦┘╣½┬╖╩╙╞╡╜╪═╝/original_frame18.bmp,bmp,2764854,ab7eab2a6c0e91abc487796d346b39f131f1e7071d708607b0b9f14580e992b4,BMP,ok,suspected_mojibake
problem:2020:E:71c7fe58a574,2020,E,2020-E,attachment,no,papers/problems/2020/2020年E题/高速公路视频截图/╕▀╦┘╣½┬╖╩╙╞╡╜╪═╝/original_frame19.bmp,bmp,2764854,3504b7a2c77b88dff9489bbb5226339d0c5a73ef6b14a97eb16de5a364e96312,BMP,ok,suspected_mojibake
problem:2020:E:cacd08d39da1,2020,E,2020-E,attachment,no,papers/problems/2020/2020年E题/高速公路视频截图/╕▀╦┘╣½┬╖╩╙╞╡╜╪═╝/original_frame2.bmp,bmp,2764854,21616d92f9b42fc8e08e1fd24bc80d45d30b632430120e8368e347497ca5ea1d,BMP,ok,suspected_mojibake
problem:2020:E:ae5bc772c75f,2020,E,2020-E,attachment,no,papers/problems/2020/2020年E题/高速公路视频截图/╕▀╦┘╣½┬╖╩╙╞╡╜╪═╝/original_frame20.bmp,bmp,2764854,cb780b302fcb40a070252deb4e720dbc51ab7ffd48e2e02e633d633ee1f28c56,BMP,ok,suspected_mojibake
problem:2020:E:651a47c15477,2020,E,2020-E,attachment,no,papers/problems/2020/2020年E题/高速公路视频截图/╕▀╦┘╣½┬╖╩╙╞╡╜╪═╝/original_frame21.bmp,bmp,2764854,62f43385ed987e2d253523aad1a435cbf4f89b5fdf77c5ae471b1108f1e269df,BMP,ok,suspected_mojibake
problem:2020:E:635622d4034d,2020,E,2020-E,attachment,no,papers/problems/2020/2020年E题/高速公路视频截图/╕▀╦┘╣½┬╖╩╙╞╡╜╪═╝/original_frame22.bmp,bmp,2764854,4127dfc0922f3090c6fcdda094571db3870c846085270c86c05a540d6a71e598,BMP,ok,suspected_mojibake
problem:2020:E:cfab5666b425,2020,E,2020-E,attachment,no,papers/problems/2020/2020年E题/高速公路视频截图/╕▀╦┘╣½┬╖╩╙╞╡╜╪═╝/original_frame23.bmp,bmp,2764854,c247e57322d9ce6706f00b8c97f6ce26cb5161f80a7021015a4064c2b82fed5b,BMP,ok,suspected_mojibake
problem:2020:E:b28d00ca8707,2020,E,2020-E,attachment,no,papers/problems/2020/2020年E题/高速公路视频截图/╕▀╦┘╣½┬╖╩╙╞╡╜╪═╝/original_frame24.bmp,bmp,2764854,4b887094c386b27b2e9ed75526f0b1f3020dee058ee7d9560c5c1aa41d7a7868,BMP,ok,suspected_mojibake
problem:2020:E:3e911e611785,2020,E,2020-E,attachment,no,papers/problems/2020/2020年E题/高速公路视频截图/╕▀╦┘╣½┬╖╩╙╞╡╜╪═╝/original_frame25.bmp,bmp,2764854,55b5d3d859b973a70dc453ce4f082d849466f0998d28ea06edf480bf6af574e1,BMP,ok,suspected_mojibake
problem:2020:E:5ee8d59d089e,2020,E,2020-E,attachment,no,papers/problems/2020/2020年E题/高速公路视频截图/╕▀╦┘╣½┬╖╩╙╞╡╜╪═╝/original_frame26.bmp,bmp,2764854,0decbb510867d4e37c5e18b1e651f96e0ac89c5aa4796b606fb9a2e8c1af6e9d,BMP,ok,suspected_mojibake
problem:2020:E:7ab861ccca60,2020,E,2020-E,attachment,no,papers/problems/2020/2020年E题/高速公路视频截图/╕▀╦┘╣½┬╖╩╙╞╡╜╪═╝/original_frame27.bmp,bmp,2764854,e8be4385a6c9f3bbc9622555b39c40668dbe17e3181b4d2fc0ed0ab82ed71346,BMP,ok,suspected_mojibake
problem:2020:E:63a6817e9575,2020,E,2020-E,attachment,no,papers/problems/2020/2020年E题/高速公路视频截图/╕▀╦┘╣½┬╖╩╙╞╡╜╪═╝/original_frame28.bmp,bmp,2764854,f3f067e029648ee8108dcbd54e46012da7e22504952a4e2e6e2f1e4d6b576559,BMP,ok,suspected_mojibake
problem:2020:E:d4e9f9d4f4ff,2020,E,2020-E,attachment,no,papers/problems/2020/2020年E题/高速公路视频截图/╕▀╦┘╣½┬╖╩╙╞╡╜╪═╝/original_frame29.bmp,bmp,2764854,b60218615d671449f1a548cb94d03f8268db29e1db8e836c55b43226581948fe,BMP,ok,suspected_mojibake
problem:2020:E:1e0a0ad9de95,2020,E,2020-E,attachment,no,papers/problems/2020/2020年E题/高速公路视频截图/╕▀╦┘╣½┬╖╩╙╞╡╜╪═╝/original_frame3.bmp,bmp,2764854,b6ae32e86a726cca23ac740a259c7428e876b606f291f468b5ea91209d06d5dc,BMP,ok,suspected_mojibake
problem:2020:E:8876371ff028,2020,E,2020-E,attachment,no,papers/problems/2020/2020年E题/高速公路视频截图/╕▀╦┘╣½┬╖╩╙╞╡╜╪═╝/original_frame30.bmp,bmp,2764854,a22120475f1b6398ab2b74c019946002908d40f19decd2bae71e6093364de4fb,BMP,ok,suspected_mojibake
problem:2020:E:d84b5a9a1b4c,2020,E,2020-E,attachment,no,papers/problems/2020/2020年E题/高速公路视频截图/╕▀╦┘╣½┬╖╩╙╞╡╜╪═╝/original_frame31.bmp,bmp,2764854,94e6aae2bb2e6175fc45e430647ce366d49b3dc22fa9ec076fbf489a981692b4,BMP,ok,suspected_mojibake
problem:2020:E:c47b7df99a63,2020,E,2020-E,attachment,no,papers/problems/2020/2020年E题/高速公路视频截图/╕▀╦┘╣½┬╖╩╙╞╡╜╪═╝/original_frame32.bmp,bmp,2764854,3a9c885b92c3c9f1e3ba3cefd65c356df8f241911909ecb0dfcdf00f09285389,BMP,ok,suspected_mojibake
problem:2020:E:aa77fd0a48c8,2020,E,2020-E,attachment,no,papers/problems/2020/2020年E题/高速公路视频截图/╕▀╦┘╣½┬╖╩╙╞╡╜╪═╝/original_frame33.bmp,bmp,2764854,d1330e1cff9fdce493b8eab571525d28c2be7c4f7b1d7590dc718accabec4ad6,BMP,ok,suspected_mojibake
problem:2020:E:4654f8970b20,2020,E,2020-E,attachment,no,papers/problems/2020/2020年E题/高速公路视频截图/╕▀╦┘╣½┬╖╩╙╞╡╜╪═╝/original_frame34.bmp,bmp,2764854,0586d4e601e20aa63a4060af843a2c690845515643d5614cb2680582591f74e8,BMP,ok,suspected_mojibake
problem:2020:E:9ea578784125,2020,E,2020-E,attachment,no,papers/problems/2020/2020年E题/高速公路视频截图/╕▀╦┘╣½┬╖╩╙╞╡╜╪═╝/original_frame35.bmp,bmp,2764854,5a19b6baed646e355d1961a5486cf3f8f8c392aa7ff0e44c7f8a86aec15a7a32,BMP,ok,suspected_mojibake
problem:2020:E:ffb5700e4e29,2020,E,2020-E,attachment,no,papers/problems/2020/2020年E题/高速公路视频截图/╕▀╦┘╣½┬╖╩╙╞╡╜╪═╝/original_frame36.bmp,bmp,2764854,4f5e58d7da460b28131960a36bc9633112cf0b05ce7e694453f17e31274d10a0,BMP,ok,suspected_mojibake
problem:2020:E:671fa4ddb60c,2020,E,2020-E,attachment,no,papers/problems/2020/2020年E题/高速公路视频截图/╕▀╦┘╣½┬╖╩╙╞╡╜╪═╝/original_frame37.bmp,bmp,2764854,4496a28cf854ce4334017a01f878d51ea42851486f646b864df5b6d5730414f3,BMP,ok,suspected_mojibake
problem:2020:E:b994b91bf694,2020,E,2020-E,attachment,no,papers/problems/2020/2020年E题/高速公路视频截图/╕▀╦┘╣½┬╖╩╙╞╡╜╪═╝/original_frame38.bmp,bmp,2764854,8e7efe598141f5d57e19b6bca0341210d39407bdd228c1f67839fea9d3500aac,BMP,ok,suspected_mojibake
problem:2020:E:277ef7745c87,2020,E,2020-E,attachment,no,papers/problems/2020/2020年E题/高速公路视频截图/╕▀╦┘╣½┬╖╩╙╞╡╜╪═╝/original_frame39.bmp,bmp,2764854,2fbf4eff0b1a9a67c98e822c044c81fffdda8e2fb1fa8ea26129860e97b7eafc,BMP,ok,suspected_mojibake
problem:2020:E:b3014e2cd02b,2020,E,2020-E,attachment,no,papers/problems/2020/2020年E题/高速公路视频截图/╕▀╦┘╣½┬╖╩╙╞╡╜╪═╝/original_frame4.bmp,bmp,2764854,6f8d3aee5abb18e977c939445bd643bec8c25a360b24839de0536d265d52b1c9,BMP,ok,suspected_mojibake
problem:2020:E:45ac874d0067,2020,E,2020-E,attachment,no,papers/problems/2020/2020年E题/高速公路视频截图/╕▀╦┘╣½┬╖╩╙╞╡╜╪═╝/original_frame40.bmp,bmp,2764854,66e747caca559a495ae4c87c1d5944392d0939a1f9cd33d33d01c895946d080f,BMP,ok,suspected_mojibake
problem:2020:E:c58866028cc4,2020,E,2020-E,attachment,no,papers/problems/2020/2020年E题/高速公路视频截图/╕▀╦┘╣½┬╖╩╙╞╡╜╪═╝/original_frame41.bmp,bmp,2764854,71da4200fb455b6b8ae9de48a6165618e2e5b9db2c25bd991c08b9d387e3bf62,BMP,ok,suspected_mojibake
problem:2020:E:0aebf4b10042,2020,E,2020-E,attachment,no,papers/problems/2020/2020年E题/高速公路视频截图/╕▀╦┘╣½┬╖╩╙╞╡╜╪═╝/original_frame42.bmp,bmp,2764854,4047e1f6bc676a86abca6cf6ae2567c55fc73697a2ab1b8184ab4408623afdb7,BMP,ok,suspected_mojibake
problem:2020:E:bdc687d5c808,2020,E,2020-E,attachment,no,papers/problems/2020/2020年E题/高速公路视频截图/╕▀╦┘╣½┬╖╩╙╞╡╜╪═╝/original_frame43.bmp,bmp,2764854,caeff71836626da642947ab1c1bbcd5e7c412e180838cb43cefdae759fdf35b0,BMP,ok,suspected_mojibake
problem:2020:E:ce7512860389,2020,E,2020-E,attachment,no,papers/problems/2020/2020年E题/高速公路视频截图/╕▀╦┘╣½┬╖╩╙╞╡╜╪═╝/original_frame44.bmp,bmp,2764854,018ed41bf1ddcf3fd5e7c514a122d68dcd48b98b5b63169cc536224367efc7ac,BMP,ok,suspected_mojibake
problem:2020:E:560f3a4a1091,2020,E,2020-E,attachment,no,papers/problems/2020/2020年E题/高速公路视频截图/╕▀╦┘╣½┬╖╩╙╞╡╜╪═╝/original_frame45.bmp,bmp,2764854,972a846977b4e59afc140c229302cca2d025a8c093637feec2b805b406a3129f,BMP,ok,suspected_mojibake
problem:2020:E:3d1e6662c54c,2020,E,2020-E,attachment,no,papers/problems/2020/2020年E题/高速公路视频截图/╕▀╦┘╣½┬╖╩╙╞╡╜╪═╝/original_frame46.bmp,bmp,2764854,07aa8b95bbe32fa6a2b7fc8c7f994faadc4e409173a927afd8a6f782441a54b6,BMP,ok,suspected_mojibake
problem:2020:E:968bf00ac0cd,2020,E,2020-E,attachment,no,papers/problems/2020/2020年E题/高速公路视频截图/╕▀╦┘╣½┬╖╩╙╞╡╜╪═╝/original_frame47.bmp,bmp,2764854,4d0681fdb12ea6c6ba4f2c0c3ec0b2eda03a59c4b124171e937bd45e7ab06cd6,BMP,ok,suspected_mojibake
problem:2020:E:2172f81be0cf,2020,E,2020-E,attachment,no,papers/problems/2020/2020年E题/高速公路视频截图/╕▀╦┘╣½┬╖╩╙╞╡╜╪═╝/original_frame48.bmp,bmp,2764854,fdbe9859d2350649668815026de25389453573a618ba6647ab13c8e059dca431,BMP,ok,suspected_mojibake
problem:2020:E:b0317f08cceb,2020,E,2020-E,attachment,no,papers/problems/2020/2020年E题/高速公路视频截图/╕▀╦┘╣½┬╖╩╙╞╡╜╪═╝/original_frame49.bmp,bmp,2764854,bb1623d140265b5d9bb4d8fbc7bf3674f791a55af316970501496f9ae1714ed4,BMP,ok,suspected_mojibake
problem:2020:E:283f50db13d4,2020,E,2020-E,attachment,no,papers/problems/2020/2020年E题/高速公路视频截图/╕▀╦┘╣½┬╖╩╙╞╡╜╪═╝/original_frame5.bmp,bmp,2764854,8f368b4c5370af4792a6de77fe29f6681ed48c45b957e1da09acdb6071853d44,BMP,ok,suspected_mojibake
problem:2020:E:1a910a53bae7,2020,E,2020-E,attachment,no,papers/problems/2020/2020年E题/高速公路视频截图/╕▀╦┘╣½┬╖╩╙╞╡╜╪═╝/original_frame50.bmp,bmp,2764854,9b71028935f2ce5348bd0b069bdaa9f4d35ee13a43cff857805acf085390578f,BMP,ok,suspected_mojibake
problem:2020:E:883a4ed10d74,2020,E,2020-E,attachment,no,papers/problems/2020/2020年E题/高速公路视频截图/╕▀╦┘╣½┬╖╩╙╞╡╜╪═╝/original_frame51.bmp,bmp,2764854,8bd5613724204ca5095bad1e014eceab89ac6bbffdfd1d6052a65dabc6be76d9,BMP,ok,suspected_mojibake
problem:2020:E:9a290f583785,2020,E,2020-E,attachment,no,papers/problems/2020/2020年E题/高速公路视频截图/╕▀╦┘╣½┬╖╩╙╞╡╜╪═╝/original_frame52.bmp,bmp,2764854,17c07a00b5695cc0af284acf639dbd17cf421942bbb7b68b30ad81f61edafd2d,BMP,ok,suspected_mojibake
problem:2020:E:f08516fcb538,2020,E,2020-E,attachment,no,papers/problems/2020/2020年E题/高速公路视频截图/╕▀╦┘╣½┬╖╩╙╞╡╜╪═╝/original_frame53.bmp,bmp,2764854,d7813925659dceda4bf3f6063454f658748eb4d1fb18b84f58e6b1a59bc4a93f,BMP,ok,suspected_mojibake
problem:2020:E:3965c74c882a,2020,E,2020-E,attachment,no,papers/problems/2020/2020年E题/高速公路视频截图/╕▀╦┘╣½┬╖╩╙╞╡╜╪═╝/original_frame54.bmp,bmp,2764854,710d8cbd638f9832d3ebd89668d2102675962a4e82a434b742f76d7f7a4d54be,BMP,ok,suspected_mojibake
problem:2020:E:12a428e2f517,2020,E,2020-E,attachment,no,papers/problems/2020/2020年E题/高速公路视频截图/╕▀╦┘╣½┬╖╩╙╞╡╜╪═╝/original_frame55.bmp,bmp,2764854,d2c7279c2a941db12730d583b501c0c9fca98ff8795f1cfa62cd6dd101572225,BMP,ok,suspected_mojibake
problem:2020:E:fbf842d2b8f1,2020,E,2020-E,attachment,no,papers/problems/2020/2020年E题/高速公路视频截图/╕▀╦┘╣½┬╖╩╙╞╡╜╪═╝/original_frame56.bmp,bmp,2764854,07333326ab3a439200cec3225e008840af67fb979579d222267691a383079db1,BMP,ok,suspected_mojibake
problem:2020:E:99fd2044156f,2020,E,2020-E,attachment,no,papers/problems/2020/2020年E题/高速公路视频截图/╕▀╦┘╣½┬╖╩╙╞╡╜╪═╝/original_frame57.bmp,bmp,2764854,91be83666b84d44fa17811a44729919bc3ff77fd886caa98cae2ec45c9f179ae,BMP,ok,suspected_mojibake
problem:2020:E:05e7977fc386,2020,E,2020-E,attachment,no,papers/problems/2020/2020年E题/高速公路视频截图/╕▀╦┘╣½┬╖╩╙╞╡╜╪═╝/original_frame58.bmp,bmp,2764854,b91e04f4311a9adaec6ecf6ef2f02b39204705d2ed890318579239e12cd4a7f2,BMP,ok,suspected_mojibake
problem:2020:E:c900eda8d922,2020,E,2020-E,attachment,no,papers/problems/2020/2020年E题/高速公路视频截图/╕▀╦┘╣½┬╖╩╙╞╡╜╪═╝/original_frame59.bmp,bmp,2764854,997227ff34d54ec114112dcaeb88b2f99ce292146b941b0b71ad77586d694a56,BMP,ok,suspected_mojibake
problem:2020:E:f1d922d17c3b,2020,E,2020-E,attachment,no,papers/problems/2020/2020年E题/高速公路视频截图/╕▀╦┘╣½┬╖╩╙╞╡╜╪═╝/original_frame6.bmp,bmp,2764854,aac7d8846f3db45da7c98b6f029043ed4079eb5a5befa6e6cdbd5647f382d8d0,BMP,ok,suspected_mojibake
problem:2020:E:b93af910a092,2020,E,2020-E,attachment,no,papers/problems/2020/2020年E题/高速公路视频截图/╕▀╦┘╣½┬╖╩╙╞╡╜╪═╝/original_frame60.bmp,bmp,2764854,845a53de3e38cc6adaef9234636bedd910a5938a14d763e76cc8328bc50b0182,BMP,ok,suspected_mojibake
problem:2020:E:a0b6e8565271,2020,E,2020-E,attachment,no,papers/problems/2020/2020年E题/高速公路视频截图/╕▀╦┘╣½┬╖╩╙╞╡╜╪═╝/original_frame61.bmp,bmp,2764854,07c870ea345269185eccae94eb4c26d8762070d0795935524a03d00d2168e522,BMP,ok,suspected_mojibake
problem:2020:E:df3170117d15,2020,E,2020-E,attachment,no,papers/problems/2020/2020年E题/高速公路视频截图/╕▀╦┘╣½┬╖╩╙╞╡╜╪═╝/original_frame62.bmp,bmp,2764854,f05e1bc8c48e478713652714edc327cfbe0a480346e4168d48922e032e2d4925,BMP,ok,suspected_mojibake
problem:2020:E:1b1557397333,2020,E,2020-E,attachment,no,papers/problems/2020/2020年E题/高速公路视频截图/╕▀╦┘╣½┬╖╩╙╞╡╜╪═╝/original_frame63.bmp,bmp,2764854,6bbbfb5c3fa67acca358fd83776c92d51cf2a20a7f8497c57797622d075a0a19,BMP,ok,suspected_mojibake
problem:2020:E:1abec2175a4d,2020,E,2020-E,attachment,no,papers/problems/2020/2020年E题/高速公路视频截图/╕▀╦┘╣½┬╖╩╙╞╡╜╪═╝/original_frame64.bmp,bmp,2764854,650df18d8fc94c28f9dc74358442896d8bf4a9dd05b943df5dc3a4267eb4e316,BMP,ok,suspected_mojibake
problem:2020:E:13c55095d52c,2020,E,2020-E,attachment,no,papers/problems/2020/2020年E题/高速公路视频截图/╕▀╦┘╣½┬╖╩╙╞╡╜╪═╝/original_frame65.bmp,bmp,2764854,1b57a1412298965673476a14480c0cfec315ed2cf7baa25c57c78ea4b7160240,BMP,ok,suspected_mojibake
problem:2020:E:711f3d5cbfe8,2020,E,2020-E,attachment,no,papers/problems/2020/2020年E题/高速公路视频截图/╕▀╦┘╣½┬╖╩╙╞╡╜╪═╝/original_frame66.bmp,bmp,2764854,bc6215a38bd591328b70be0b9794483429a2a12f432112c64dcd5da3be8aac60,BMP,ok,suspected_mojibake
problem:2020:E:17c80e4fff71,2020,E,2020-E,attachment,no,papers/problems/2020/2020年E题/高速公路视频截图/╕▀╦┘╣½┬╖╩╙╞╡╜╪═╝/original_frame67.bmp,bmp,2764854,4fc1f80d33796091d49294074423ed03c2ec6463697cdb7d28e8ffe254968bfb,BMP,ok,suspected_mojibake
problem:2020:E:ad47b4cd892d,2020,E,2020-E,attachment,no,papers/problems/2020/2020年E题/高速公路视频截图/╕▀╦┘╣½┬╖╩╙╞╡╜╪═╝/original_frame68.bmp,bmp,2764854,ad97f3c210a0bee568bf76de5df53fffc2203d53c516283f04e5e25386d6ccf7,BMP,ok,suspected_mojibake
problem:2020:E:f52972ab56e6,2020,E,2020-E,attachment,no,papers/problems/2020/2020年E题/高速公路视频截图/╕▀╦┘╣½┬╖╩╙╞╡╜╪═╝/original_frame69.bmp,bmp,2764854,e40ed738b2be41402461ec361c489d68b5fbc2107a4fe4677ba82a009ca3fac5,BMP,ok,suspected_mojibake
problem:2020:E:743a016a222a,2020,E,2020-E,attachment,no,papers/problems/2020/2020年E题/高速公路视频截图/╕▀╦┘╣½┬╖╩╙╞╡╜╪═╝/original_frame7.bmp,bmp,2764854,8e67d43b55e3937cf0ed94fbeb03b2c7d54c9835d6c01fb58ee81fb0e2242f45,BMP,ok,suspected_mojibake
problem:2020:E:e92d2a28bd6d,2020,E,2020-E,attachment,no,papers/problems/2020/2020年E题/高速公路视频截图/╕▀╦┘╣½┬╖╩╙╞╡╜╪═╝/original_frame70.bmp,bmp,2764854,54cad0cfddc9982e84bd208b02dab4285548dd001fd74e2523df4bd77b10df8d,BMP,ok,suspected_mojibake
problem:2020:E:0d24abf896e8,2020,E,2020-E,attachment,no,papers/problems/2020/2020年E题/高速公路视频截图/╕▀╦┘╣½┬╖╩╙╞╡╜╪═╝/original_frame71.bmp,bmp,2764854,6846d3f7b4dd33749910cee98504811f38db7190c81a0f2ca1c992d8a7e14829,BMP,ok,suspected_mojibake
problem:2020:E:7a7cfa6729bd,2020,E,2020-E,attachment,no,papers/problems/2020/2020年E题/高速公路视频截图/╕▀╦┘╣½┬╖╩╙╞╡╜╪═╝/original_frame72.bmp,bmp,2764854,ac6677c80e284848648da70b8a2561830e68513f78640f8395e5e8bb96371d76,BMP,ok,suspected_mojibake
problem:2020:E:86cc78b1b5f8,2020,E,2020-E,attachment,no,papers/problems/2020/2020年E题/高速公路视频截图/╕▀╦┘╣½┬╖╩╙╞╡╜╪═╝/original_frame73.bmp,bmp,2764854,e2ffd84ac24e064334c1de65d95d50cdb398d6ba3dbb73ceeee651299782b96c,BMP,ok,suspected_mojibake
problem:2020:E:05427841a607,2020,E,2020-E,attachment,no,papers/problems/2020/2020年E题/高速公路视频截图/╕▀╦┘╣½┬╖╩╙╞╡╜╪═╝/original_frame74.bmp,bmp,2764854,777bcf1bd754401bc64ae645691cd4b4a27a79e774fac68d4216f0d6ecf2cc17,BMP,ok,suspected_mojibake
problem:2020:E:6b0e7d051845,2020,E,2020-E,attachment,no,papers/problems/2020/2020年E题/高速公路视频截图/╕▀╦┘╣½┬╖╩╙╞╡╜╪═╝/original_frame75.bmp,bmp,2764854,b68921c7bc4083e89380f0254b70c5df47ec9d1c826210cec93fc08943a5dc41,BMP,ok,suspected_mojibake
problem:2020:E:d3da57f992c6,2020,E,2020-E,attachment,no,papers/problems/2020/2020年E题/高速公路视频截图/╕▀╦┘╣½┬╖╩╙╞╡╜╪═╝/original_frame76.bmp,bmp,2764854,d3237f938a76356fd333353e529b31c6a8901046c3a752288a7eb1058a5bc20f,BMP,ok,suspected_mojibake
problem:2020:E:b0113b40f681,2020,E,2020-E,attachment,no,papers/problems/2020/2020年E题/高速公路视频截图/╕▀╦┘╣½┬╖╩╙╞╡╜╪═╝/original_frame77.bmp,bmp,2764854,80aba5ba4147d95dcd333771e3e931fdfa50c341a62477541fcfa741aa340093,BMP,ok,suspected_mojibake
problem:2020:E:8680d1821aa1,2020,E,2020-E,attachment,no,papers/problems/2020/2020年E题/高速公路视频截图/╕▀╦┘╣½┬╖╩╙╞╡╜╪═╝/original_frame78.bmp,bmp,2764854,16b8fa8e6e3f02693135048f634284824b585c53d7c73e72553b296e1035e079,BMP,ok,suspected_mojibake
problem:2020:E:ebb27a132094,2020,E,2020-E,attachment,no,papers/problems/2020/2020年E题/高速公路视频截图/╕▀╦┘╣½┬╖╩╙╞╡╜╪═╝/original_frame79.bmp,bmp,2764854,23c004cd2e7645b898a1f914749c58daabc9c3899c76eabd21eff23557486cc1,BMP,ok,suspected_mojibake
problem:2020:E:1a2425f2dc6a,2020,E,2020-E,attachment,no,papers/problems/2020/2020年E题/高速公路视频截图/╕▀╦┘╣½┬╖╩╙╞╡╜╪═╝/original_frame8.bmp,bmp,2764854,8c93e3277fcaa818a53c0039e61777b400dfcf5454202fb18e100c3dcb0f3169,BMP,ok,suspected_mojibake
problem:2020:E:45eacb759725,2020,E,2020-E,attachment,no,papers/problems/2020/2020年E题/高速公路视频截图/╕▀╦┘╣½┬╖╩╙╞╡╜╪═╝/original_frame80.bmp,bmp,2764854,18eeb53f2f454842f4dd29648d21dbfb37349c514c4012268e24b72aaa2d155c,BMP,ok,suspected_mojibake
problem:2020:E:99cd08fba78d,2020,E,2020-E,attachment,no,papers/problems/2020/2020年E题/高速公路视频截图/╕▀╦┘╣½┬╖╩╙╞╡╜╪═╝/original_frame81.bmp,bmp,2764854,c6586907a173707afced6b8f3be9faa53eab82ed34c82449455edefd7216d982,BMP,ok,suspected_mojibake
problem:2020:E:20c26a8cffbc,2020,E,2020-E,attachment,no,papers/problems/2020/2020年E题/高速公路视频截图/╕▀╦┘╣½┬╖╩╙╞╡╜╪═╝/original_frame82.bmp,bmp,2764854,daee5588f33c1e72f76768758a51d99e4129b5b7ca9058aaf2ffad3de5db4365,BMP,ok,suspected_mojibake
problem:2020:E:4f4c517796b9,2020,E,2020-E,attachment,no,papers/problems/2020/2020年E题/高速公路视频截图/╕▀╦┘╣½┬╖╩╙╞╡╜╪═╝/original_frame83.bmp,bmp,2764854,8a6c68cdbc8eb6a54a52e4b3ae120e69045d997d60af1016cc5fa524ae3e0c18,BMP,ok,suspected_mojibake
problem:2020:E:a4285bf0a3c5,2020,E,2020-E,attachment,no,papers/problems/2020/2020年E题/高速公路视频截图/╕▀╦┘╣½┬╖╩╙╞╡╜╪═╝/original_frame84.bmp,bmp,2764854,c2083277e9431f10ed8c8294b3d65638384b6c6d7b088db25add496d9c0b2ffb,BMP,ok,suspected_mojibake
problem:2020:E:2a147a39edb1,2020,E,2020-E,attachment,no,papers/problems/2020/2020年E题/高速公路视频截图/╕▀╦┘╣½┬╖╩╙╞╡╜╪═╝/original_frame85.bmp,bmp,2764854,b0fc98ec96110ed8b3abb9e2a6862f256d75569fd495bfe884804daee998891f,BMP,ok,suspected_mojibake
problem:2020:E:4c047da939f7,2020,E,2020-E,attachment,no,papers/problems/2020/2020年E题/高速公路视频截图/╕▀╦┘╣½┬╖╩╙╞╡╜╪═╝/original_frame86.bmp,bmp,2764854,c2b3402d270db846eecc47c613fa9559fc0b44b8dcb0fc94005b189d8b9593e4,BMP,ok,suspected_mojibake
problem:2020:E:70feee31ea0c,2020,E,2020-E,attachment,no,papers/problems/2020/2020年E题/高速公路视频截图/╕▀╦┘╣½┬╖╩╙╞╡╜╪═╝/original_frame87.bmp,bmp,2764854,2533353118f7e2a77fc70a48fd32f102dc11d3624a678c1c53f7c2e6f6ceb83c,BMP,ok,suspected_mojibake
problem:2020:E:b252bb0ad87c,2020,E,2020-E,attachment,no,papers/problems/2020/2020年E题/高速公路视频截图/╕▀╦┘╣½┬╖╩╙╞╡╜╪═╝/original_frame88.bmp,bmp,2764854,316def0dd610fb38b8aae51525713538284e63e3b0b342e71d328782a0e2cd7d,BMP,ok,suspected_mojibake
problem:2020:E:12cc85f47e88,2020,E,2020-E,attachment,no,papers/problems/2020/2020年E题/高速公路视频截图/╕▀╦┘╣½┬╖╩╙╞╡╜╪═╝/original_frame89.bmp,bmp,2764854,7effcd4adb80b6632b7563bd0dd58ed7c0e18b8b255942c75ba3aee95f7c9165,BMP,ok,suspected_mojibake
problem:2020:E:d4df868a4cbc,2020,E,2020-E,attachment,no,papers/problems/2020/2020年E题/高速公路视频截图/╕▀╦┘╣½┬╖╩╙╞╡╜╪═╝/original_frame9.bmp,bmp,2764854,76d7b01c273388bd8dc7cb306a3041432f80bddb66da3b7045b4bdaf232f6191,BMP,ok,suspected_mojibake
problem:2020:E:9f39d06183b5,2020,E,2020-E,attachment,no,papers/problems/2020/2020年E题/高速公路视频截图/╕▀╦┘╣½┬╖╩╙╞╡╜╪═╝/original_frame90.bmp,bmp,2764854,b51f8a5d603bcda8abdc3723d86230e3eecda71ea16e0afdbf834bb5ce0e17cb,BMP,ok,suspected_mojibake
problem:2020:E:f17c2df8471c,2020,E,2020-E,attachment,no,papers/problems/2020/2020年E题/高速公路视频截图/╕▀╦┘╣½┬╖╩╙╞╡╜╪═╝/original_frame91.bmp,bmp,2764854,4df0f62fec90b5f5e655c78095f190d9326d91e38a790ba0884e37557a6e53a3,BMP,ok,suspected_mojibake
problem:2020:E:60ff15564338,2020,E,2020-E,attachment,no,papers/problems/2020/2020年E题/高速公路视频截图/╕▀╦┘╣½┬╖╩╙╞╡╜╪═╝/original_frame92.bmp,bmp,2764854,328290d732f0ffeb756d83f5daa7752477e3da21ffd862f39673d87646d3af27,BMP,ok,suspected_mojibake
problem:2020:E:69b569546874,2020,E,2020-E,attachment,no,papers/problems/2020/2020年E题/高速公路视频截图/╕▀╦┘╣½┬╖╩╙╞╡╜╪═╝/original_frame93.bmp,bmp,2764854,15e8444c211b88c7c1e4bb26d58aec7acbaa2724cf6b0ff7c9d41eed949f79dd,BMP,ok,suspected_mojibake
problem:2020:E:33221f4fba07,2020,E,2020-E,attachment,no,papers/problems/2020/2020年E题/高速公路视频截图/╕▀╦┘╣½┬╖╩╙╞╡╜╪═╝/original_frame94.bmp,bmp,2764854,3fbbe8cf59df3ab17df52929da68a3829f578ff7dfe9a12e7621dd29dc4670df,BMP,ok,suspected_mojibake
problem:2020:E:c8f44345385c,2020,E,2020-E,attachment,no,papers/problems/2020/2020年E题/高速公路视频截图/╕▀╦┘╣½┬╖╩╙╞╡╜╪═╝/original_frame95.bmp,bmp,2764854,4eaef20805116a49d30018cc53a765a7ebe262942cd0677a413f01ac4ae1bae5,BMP,ok,suspected_mojibake
problem:2020:E:0625688ab4fa,2020,E,2020-E,attachment,no,papers/problems/2020/2020年E题/高速公路视频截图/╕▀╦┘╣½┬╖╩╙╞╡╜╪═╝/original_frame96.bmp,bmp,2764854,5b4bba8f619b054b90b4962bc55eb707e4dfbe31c9cc011a54f8a29e81f6812a,BMP,ok,suspected_mojibake
problem:2020:E:0891291745fb,2020,E,2020-E,attachment,no,papers/problems/2020/2020年E题/高速公路视频截图/╕▀╦┘╣½┬╖╩╙╞╡╜╪═╝/original_frame97.bmp,bmp,2764854,be3496a76ac947cbbd34e2a7dd26bdb4fad776ae9a835dade7fe00f2b09cb191,BMP,ok,suspected_mojibake
problem:2020:E:03142c866b48,2020,E,2020-E,attachment,no,papers/problems/2020/2020年E题/高速公路视频截图/╕▀╦┘╣½┬╖╩╙╞╡╜╪═╝/original_frame98.bmp,bmp,2764854,6ca5df361608f18cbc2b6f8a5c136d18acb85b86db6a08272b0eb15b549a6b95,BMP,ok,suspected_mojibake
problem:2020:E:6f29f19d996d,2020,E,2020-E,attachment,no,papers/problems/2020/2020年E题/高速公路视频截图/╕▀╦┘╣½┬╖╩╙╞╡╜╪═╝/original_frame99.bmp,bmp,2764854,9ba6ffe3acf34946a804d9ecc09136d7fd3b710c8757acad95b6922feeeefdbf,BMP,ok,suspected_mojibake
problem:2021:C:a3bd205f69e9,2021,C,2021-C,attachment,no,papers/problems/2021/C/1 底丘脑核从环路功能到深部脑刺激治疗帕金森病的靶点.pdf,pdf,1052015,965de8ce7d3c487af41cf8adbbbae0afb2c5b95ec617ce43e10715b30227ee79,PDF,ok,
problem:2021:C:b6615cfdafd2,2021,C,2021-C,attachment,no,papers/problems/2021/C/2 Circuit Mechanisms of Parkinson’s Disease.pdf,pdf,1866794,761c353fd64c749c65ad82fa26c8ef203e455c6efcc3b94816f0cdb0b6e3ba99,PDF,ok,
problem:2021:C:4abd57f3d13f,2021,C,2021-C,attachment,no,papers/problems/2021/C/3_Computational_Models_Describing_Paossible.pdf,pdf,2766869,f0b49f4ff7055af8a1d8216391f655ce8414562fe70d4ca39fcd284eab82b26a,PDF,ok,
problem:2021:C:9d58295b9dd7,2021,C,2021-C,attachment,no,papers/problems/2021/C/4_High_Frequency_Stimulation_of_the_Subthalamic_Nucleus_Eliminates_Pathological_Thalamic_Rhythmicityina_Computational_Model.pdf.pdf,pdf,728369,c75343aab38306a94e13b26ac30d88bc927c86ef3f0a78120bdd74ba8723550b,PDF,ok,
problem:2021:C:52a6b6d36303,2021,C,2021-C,statement_or_supplement,no,papers/problems/2021/C/帕金森病的脑深部电刺激治疗建模研究.doc,doc,123904,dbb42cffa3475a813fb8b969c83c430f398dfe1aa4d8e863b87ae5dd0d47f714,OLE compound document,ok,
problem:2021:C:6069a14dcbdd,2021,C,2021-C,attachment,no,papers/problems/2021/C/附件1 神经元Hodgkin-Huxley模型和突触连接模型.doc,doc,89600,0a67a4c2f988163bc0c507473bac70fef42246e5d856ef9055f91ecdef68d4aa,OLE compound document,ok,
problem:2021:C:ec1ceb21ccd9,2021,C,2021-C,attachment,no,papers/problems/2021/C/附件2 神经传导编码-电位发放的特征指标.doc,doc,90624,9cee8058ede85158ba0eeba3b0937b9f177564ab06667c587062fb233d867402,OLE compound document,ok,
problem:2021:C:6432831209e7,2021,C,2021-C,attachment,no,papers/problems/2021/C/附件3 神经计算专业词汇中文英文对照表.doc,doc,32768,55067aed2a6d4ee3121b47064b17852d810a6de51bf24806f4eb659c62525781,OLE compound document,ok,
problem:2021:D:47925ac51b0d,2021,D,2021-D,attachment,no,papers/problems/2021/D/ADMET.xlsx,xlsx,87227,269339467b982e295ae3e93a62ae689db1c5595cae60378aada4450ed1a4dcd4,OOXML,ok,
problem:2021:D:c3c62e729cfc,2021,D,2021-D,attachment,no,papers/problems/2021/D/ERα_activity.xlsx,xlsx,93695,16141c97ee795c0c2706df180ebabf28182286f6ebdb0ef2ad0e30b8193e6956,OOXML,ok,
problem:2021:D:322976338ea0,2021,D,2021-D,attachment,no,papers/problems/2021/D/Molecular_Descriptor.xlsx,xlsx,8804984,714e26121180052c50b82cb99ef16185b0e111b23bcd54f464a0cb6f5ea2585d,OOXML,ok,
problem:2021:D:77c4f319936e,2021,D,2021-D,attachment,no,papers/problems/2021/D/分子描述符含义解释.xlsx,xlsx,49477,9617582cc34f44d064a74edfdfb0e9482c7b85e4e9acdea976a29f900b397305,OOXML,ok,
problem:2021:D:7d93cc66e704,2021,D,2021-D,statement_or_supplement,no,papers/problems/2021/D/抗胰腺癌候选药物的优化建模.docx,docx,25749,0659b4322a79a24e1a9c6df2010f38112959c808b7fd37bd5511fff5179a298e,OOXML,ok,
problem:2021:E:e0c24504fb17,2021,E,2021-E,statement_or_supplement,no,papers/problems/2021/E/信号干扰下的超宽带（UWB）精确定位问题.doc,doc,255488,6af6f1b329cbbff59c29b94eb82fb5e81cb3472cee58fd1a484053c1cecbe151,OLE compound document,ok,
problem:2021:E:112c3f2b1955,2021,E,2021-E,attachment,no,papers/problems/2021/E/附件1：UWB数据集/附件1：UWB数据集/Tag坐标信息.txt,txt,5617,08bb059bb57269ae789e3749acce1d1a5bc43c04220b7ad3baebb7a2bc27c617,text_or_domain_data,unchecked,
problem:2021:E:72e85a2a112f,2021,E,2021-E,attachment,no,papers/problems/2021/E/附件1：UWB数据集/附件1：UWB数据集/异常数据/1.异常.txt,txt,57346,89f5da7730858df4b88c7a0c0162f672de97c4885d7361e4e018ede85fc52175,text_or_domain_data,unchecked,
problem:2021:E:4ce42cd86a06,2021,E,2021-E,attachment,no,papers/problems/2021/E/附件1：UWB数据集/附件1：UWB数据集/异常数据/10.异常.txt,txt,40034,419360808babd90e5c6c69ef249613bc04502f4d4231c4f371a15ff3d1beca8e,text_or_domain_data,unchecked,
problem:2021:E:557b06436de5,2021,E,2021-E,attachment,no,papers/problems/2021/E/附件1：UWB数据集/附件1：UWB数据集/异常数据/100.异常.txt,txt,46666,a80f7ecede8ae592ead461a00b32b5ebcd104aba26a8dd56f3a79b45393fab09,text_or_domain_data,unchecked,
problem:2021:E:179067480b04,2021,E,2021-E,attachment,no,papers/problems/2021/E/附件1：UWB数据集/附件1：UWB数据集/异常数据/101.异常.txt,txt,40030,3581cd678ad6140eae3f5422c5e0acd6f33e96e167598c83376a17b7510acced,text_or_domain_data,unchecked,
problem:2021:E:ea932b75e580,2021,E,2021-E,attachment,no,papers/problems/2021/E/附件1：UWB数据集/附件1：UWB数据集/异常数据/102.异常.txt,txt,42526,856dce999d1704c417cc8d1665fffb6cbd7a8b897a8a185c2a10709dd1549083,text_or_domain_data,unchecked,
problem:2021:E:9a99b79628b1,2021,E,2021-E,attachment,no,papers/problems/2021/E/附件1：UWB数据集/附件1：UWB数据集/异常数据/103.异常.txt,txt,38818,92744a8a8ad34390b9d2cb96145af7deb73a10d8508abc806a8308540eae29c8,text_or_domain_data,unchecked,
problem:2021:E:eb4adf79271a,2021,E,2021-E,attachment,no,papers/problems/2021/E/附件1：UWB数据集/附件1：UWB数据集/异常数据/104.异常.txt,txt,54782,e3ea5602c9e61f61cc447fc700fa0c454655044b4763a5da8ba862116cd7418a,text_or_domain_data,unchecked,
problem:2021:E:20c344b663c5,2021,E,2021-E,attachment,no,papers/problems/2021/E/附件1：UWB数据集/附件1：UWB数据集/异常数据/105.异常.txt,txt,43718,4792437a9f26c32bffa968841c236088986bfd71e0d7ffcaefd803a19475ce79,text_or_domain_data,unchecked,
problem:2021:E:5c9f6c6e7160,2021,E,2021-E,attachment,no,papers/problems/2021/E/附件1：UWB数据集/附件1：UWB数据集/异常数据/106.异常.txt,txt,50102,63ac044485e0f4b11d5ec5c168cc4c8dc52440233cfa7f3692f7618b1d39b3fd,text_or_domain_data,unchecked,
problem:2021:E:67f85a0c57be,2021,E,2021-E,attachment,no,papers/problems/2021/E/附件1：UWB数据集/附件1：UWB数据集/异常数据/107.异常.txt,txt,39910,3dbf74965e1c50d6688338f30114788a6a4d6d6838f224dbf54cd363b4c5bb63,text_or_domain_data,unchecked,
problem:2021:E:73b6f3de9f82,2021,E,2021-E,attachment,no,papers/problems/2021/E/附件1：UWB数据集/附件1：UWB数据集/异常数据/108.异常.txt,txt,40478,a0fec8a3db15b8d391ef5912a99c783ed451171c481d5737913a2bbd97cfa13f,text_or_domain_data,unchecked,
problem:2021:E:943bde0cc567,2021,E,2021-E,attachment,no,papers/problems/2021/E/附件1：UWB数据集/附件1：UWB数据集/异常数据/109.异常.txt,txt,41422,23ae6600f6f4be3a3aae3429ad1a0cd68cc2d01535862334ec323672e2c0bcae,text_or_domain_data,unchecked,
problem:2021:E:5e4786b60a81,2021,E,2021-E,attachment,no,papers/problems/2021/E/附件1：UWB数据集/附件1：UWB数据集/异常数据/11.异常.txt,txt,36758,62350f2459afcb5e5c39b1b5e5caf9925f31fb71be8863b53defd64b73f3028a,text_or_domain_data,unchecked,
problem:2021:E:cd6d11333727,2021,E,2021-E,attachment,no,papers/problems/2021/E/附件1：UWB数据集/附件1：UWB数据集/异常数据/110.异常.txt,txt,38498,4138cddaaecde971a12f03d933b931dbff41925f87a653c3d9e808e1c1965698,text_or_domain_data,unchecked,
problem:2021:E:ad949b6884f2,2021,E,2021-E,attachment,no,papers/problems/2021/E/附件1：UWB数据集/附件1：UWB数据集/异常数据/111.异常.txt,txt,56054,23cdfd2dca22003dbf5a4d83f2d2f6ddf2b3395c2ee3eecf049e8bb6f95ea1b8,text_or_domain_data,unchecked,
problem:2021:E:c6b6a0086b2a,2021,E,2021-E,attachment,no,papers/problems/2021/E/附件1：UWB数据集/附件1：UWB数据集/异常数据/112.异常.txt,txt,45470,00e4e00574f6716ca79131a8eea3f6055d2047dfc85e3cfa00ebf09be97cc7b8,text_or_domain_data,unchecked,
problem:2021:E:5fe1944deea1,2021,E,2021-E,attachment,no,papers/problems/2021/E/附件1：UWB数据集/附件1：UWB数据集/异常数据/113.异常.txt,txt,60030,e237adbde9966cb04870b97c775e021242359fe5b92ea92be506ad556218e2d1,text_or_domain_data,unchecked,
problem:2021:E:0b1038643af8,2021,E,2021-E,attachment,no,papers/problems/2021/E/附件1：UWB数据集/附件1：UWB数据集/异常数据/114.异常.txt,txt,46178,02dcbfff0db5fff6c18afcf80ee8bfd466ff03f454e0366e8094d0cd97cd0bcf,text_or_domain_data,unchecked,
problem:2021:E:cd780d73ac56,2021,E,2021-E,attachment,no,papers/problems/2021/E/附件1：UWB数据集/附件1：UWB数据集/异常数据/115.异常.txt,txt,72822,f476dfb52616de4395d62878c241b56cda7897850a795325ab3d66be5efb15d9,text_or_domain_data,unchecked,
problem:2021:E:c98151e68dd2,2021,E,2021-E,attachment,no,papers/problems/2021/E/附件1：UWB数据集/附件1：UWB数据集/异常数据/116.异常.txt,txt,56262,8ca35c8c4b19b9f523e68095fe48ba8f82c163990365d0e9298c57cdb9292b01,text_or_domain_data,unchecked,
problem:2021:E:ed3e7e41469b,2021,E,2021-E,attachment,no,papers/problems/2021/E/附件1：UWB数据集/附件1：UWB数据集/异常数据/117.异常.txt,txt,43498,a7790be247fa18f41cd855198bf7fb272bdef5ba346068ff7e82ca63ce52be44,text_or_domain_data,unchecked,
problem:2021:E:9ef91496e946,2021,E,2021-E,attachment,no,papers/problems/2021/E/附件1：UWB数据集/附件1：UWB数据集/异常数据/118.异常.txt,txt,31494,6de3c4a8dc4c901a614e0d188ac4b61185660c96f07ce555ed5898249a23c06b,text_or_domain_data,unchecked,
problem:2021:E:3cc02c579771,2021,E,2021-E,attachment,no,papers/problems/2021/E/附件1：UWB数据集/附件1：UWB数据集/异常数据/119.异常.txt,txt,43466,ea56ae51a2dfb81c0486de1719f0b851b15c39c4511930586cc262af395efaa3,text_or_domain_data,unchecked,
problem:2021:E:71531b5b1646,2021,E,2021-E,attachment,no,papers/problems/2021/E/附件1：UWB数据集/附件1：UWB数据集/异常数据/12.异常.txt,txt,38786,dfbd64fc087ab7062f631407bb90a3bb245c7750eda96c56e05a6c389c1cbc0e,text_or_domain_data,unchecked,
problem:2021:E:41d134735b5f,2021,E,2021-E,attachment,no,papers/problems/2021/E/附件1：UWB数据集/附件1：UWB数据集/异常数据/120.异常.txt,txt,35666,a9694fc13d815d83a2ce97ee6fbb26527b6d0d38c6f50a9a8cd9a378053a3eb2,text_or_domain_data,unchecked,
problem:2021:E:07ba0c5aa77b,2021,E,2021-E,attachment,no,papers/problems/2021/E/附件1：UWB数据集/附件1：UWB数据集/异常数据/121.异常.txt,txt,41410,844745c509222b6dbe8b84051179e3cdec54194d809d212c443082a6dcb53889,text_or_domain_data,unchecked,
problem:2021:E:66dc057ee7f8,2021,E,2021-E,attachment,no,papers/problems/2021/E/附件1：UWB数据集/附件1：UWB数据集/异常数据/122.异常.txt,txt,42954,fb439660f54e3f103a538ba5b2a0b220d502411e622dfd560cd7b840d285c6b8,text_or_domain_data,unchecked,
problem:2021:E:595ef023af6a,2021,E,2021-E,attachment,no,papers/problems/2021/E/附件1：UWB数据集/附件1：UWB数据集/异常数据/123.异常.txt,txt,35658,3e03f494b444d7c70c8a4fcba5a706a2792ba907f268d991f434961e3eec4e43,text_or_domain_data,unchecked,
problem:2021:E:288a6231c004,2021,E,2021-E,attachment,no,papers/problems/2021/E/附件1：UWB数据集/附件1：UWB数据集/异常数据/124.异常.txt,txt,41174,66b8bbd0dcd42db828766ff35f6e8cdfe282ec80807a79f0b470977e53f369c0,text_or_domain_data,unchecked,
problem:2021:E:2fb9b11b121d,2021,E,2021-E,attachment,no,papers/problems/2021/E/附件1：UWB数据集/附件1：UWB数据集/异常数据/125.异常.txt,txt,34030,f392d1287bb1bf78bf310cfb3a30f6d3c0314826e3b8286fb5e7fcc02cb6cf60,text_or_domain_data,unchecked,
problem:2021:E:10f4a09801cf,2021,E,2021-E,attachment,no,papers/problems/2021/E/附件1：UWB数据集/附件1：UWB数据集/异常数据/126.异常.txt,txt,34654,29d0600ed64d8906edd7becb0fd3e631a5a5175505510f46c801af1ada6361a3,text_or_domain_data,unchecked,
problem:2021:E:6575c290c409,2021,E,2021-E,attachment,no,papers/problems/2021/E/附件1：UWB数据集/附件1：UWB数据集/异常数据/127.异常.txt,txt,35306,53195367df62a6362b2eee16e007da93b0d27d316c121b88009e0f4f5e41ee5d,text_or_domain_data,unchecked,
problem:2021:E:aa30654aa9d9,2021,E,2021-E,attachment,no,papers/problems/2021/E/附件1：UWB数据集/附件1：UWB数据集/异常数据/128.异常.txt,txt,39230,4f66f1e98713a293c2a39679ef46b92ee962c94437951759f3323d61bd88c552,text_or_domain_data,unchecked,
problem:2021:E:b15e4b930b28,2021,E,2021-E,attachment,no,papers/problems/2021/E/附件1：UWB数据集/附件1：UWB数据集/异常数据/129.异常.txt,txt,46014,b49502f037b949de726886fb251642b3043bdfed20951082a1aea9998f469b52,text_or_domain_data,unchecked,
problem:2021:E:8f5946f86725,2021,E,2021-E,attachment,no,papers/problems/2021/E/附件1：UWB数据集/附件1：UWB数据集/异常数据/13.异常.txt,txt,30206,511ae66f514de9a15059f22e600cbab2d9eaae0c0f5434aa3a3a1d27f3f604be,text_or_domain_data,unchecked,
problem:2021:E:912ae02dc1c9,2021,E,2021-E,attachment,no,papers/problems/2021/E/附件1：UWB数据集/附件1：UWB数据集/异常数据/130.异常.txt,txt,51834,0a14b52174a73b711a59ce5268fc5067f6a641e631d51db04f5ab5f41c0e50b4,text_or_domain_data,unchecked,
problem:2021:E:0414433c0856,2021,E,2021-E,attachment,no,papers/problems/2021/E/附件1：UWB数据集/附件1：UWB数据集/异常数据/131.异常.txt,txt,42990,a1715fb99a7b3bb55ed50a8b2b1a1be99006760362fee82c64dd2698e47c1892,text_or_domain_data,unchecked,
problem:2021:E:76668d0764d5,2021,E,2021-E,attachment,no,papers/problems/2021/E/附件1：UWB数据集/附件1：UWB数据集/异常数据/132.异常.txt,txt,49114,ce19bd6b6aae561fbc67c4e12d3e874e9cd81c1630f2fdad2fce781efd584f12,text_or_domain_data,unchecked,
problem:2021:E:c9db2015ce93,2021,E,2021-E,attachment,no,papers/problems/2021/E/附件1：UWB数据集/附件1：UWB数据集/异常数据/133.异常.txt,txt,37058,4fd8cca40d13c1f1e29e8ddd8553be726920aa5966a260346da52c9076652c26,text_or_domain_data,unchecked,
problem:2021:E:c6138d3efb76,2021,E,2021-E,attachment,no,papers/problems/2021/E/附件1：UWB数据集/附件1：UWB数据集/异常数据/134.异常.txt,txt,44406,337fb84c8c6e5cc465311d3a401460786bb447b296a0db28873808d9ee40571f,text_or_domain_data,unchecked,
problem:2021:E:f9360545ec79,2021,E,2021-E,attachment,no,papers/problems/2021/E/附件1：UWB数据集/附件1：UWB数据集/异常数据/135.异常.txt,txt,36942,e248730be263d05f785ba6fc7ad2377f7dd9a23e9a01b7f584aee7bf3255e084,text_or_domain_data,unchecked,
problem:2021:E:83a490790268,2021,E,2021-E,attachment,no,papers/problems/2021/E/附件1：UWB数据集/附件1：UWB数据集/异常数据/136.异常.txt,txt,43894,4b055f1aa1d80f134cc66b55d9ca29a4e39c9e098bcf0b1376c11a623ce21768,text_or_domain_data,unchecked,
problem:2021:E:6cfa69304080,2021,E,2021-E,attachment,no,papers/problems/2021/E/附件1：UWB数据集/附件1：UWB数据集/异常数据/137.异常.txt,txt,32658,739076baa18041eed6434ad3810bfe70a2006334c322cf3f42e42789e2adb7bb,text_or_domain_data,unchecked,
problem:2021:E:b5d6cff3d7b0,2021,E,2021-E,attachment,no,papers/problems/2021/E/附件1：UWB数据集/附件1：UWB数据集/异常数据/138.异常.txt,txt,33018,62236c87282d41a0860882d1c4007f129883be0de455ee1565f309b6dea2d651,text_or_domain_data,unchecked,
problem:2021:E:6f80fbee79aa,2021,E,2021-E,attachment,no,papers/problems/2021/E/附件1：UWB数据集/附件1：UWB数据集/异常数据/139.异常.txt,txt,35650,00596b242a9dc5023cfc391ead630c0066c91924d9b3af4cd8a3ce818ef55d8e,text_or_domain_data,unchecked,
problem:2021:E:b57b17c2f073,2021,E,2021-E,attachment,no,papers/problems/2021/E/附件1：UWB数据集/附件1：UWB数据集/异常数据/14.异常.txt,txt,33290,33fc7c351cd2b446ffba45fd8f5262b2ed32424dc7d797440d6e14d4cdcdaeea,text_or_domain_data,unchecked,
problem:2021:E:ae0f90c1409f,2021,E,2021-E,attachment,no,papers/problems/2021/E/附件1：UWB数据集/附件1：UWB数据集/异常数据/140.异常.txt,txt,45698,1eb2462fa983b6849c34437e6e7385750232de317995e7afc8058c181639703c,text_or_domain_data,unchecked,
problem:2021:E:a81f9ac71831,2021,E,2021-E,attachment,no,papers/problems/2021/E/附件1：UWB数据集/附件1：UWB数据集/异常数据/141.异常.txt,txt,37870,26be2a30c9f9cc9bc6064d3ac0afe12eb6cfcd157af950a07556ec2ab8574b42,text_or_domain_data,unchecked,
problem:2021:E:9fcb82cf0f3e,2021,E,2021-E,attachment,no,papers/problems/2021/E/附件1：UWB数据集/附件1：UWB数据集/异常数据/142.异常.txt,txt,45262,9cb21da00f523bb6ff4e59debc7e9737708b4e2c37cba26d66950d7a0180f630,text_or_domain_data,unchecked,
problem:2021:E:bd2b4a5ae589,2021,E,2021-E,attachment,no,papers/problems/2021/E/附件1：UWB数据集/附件1：UWB数据集/异常数据/143.异常.txt,txt,42830,33ea7384945c604189d6eeaf7271aa2b66898659f0842db0b5b665b804c944fe,text_or_domain_data,unchecked,
problem:2021:E:5ea2996cbd4e,2021,E,2021-E,attachment,no,papers/problems/2021/E/附件1：UWB数据集/附件1：UWB数据集/异常数据/144.异常.txt,txt,42866,76d990f3c542f11fdb019ee7424fc43df30fdc1864b6a9380ce99e1af77b57ea,text_or_domain_data,unchecked,
problem:2021:E:acc6f1ede905,2021,E,2021-E,attachment,no,papers/problems/2021/E/附件1：UWB数据集/附件1：UWB数据集/异常数据/145.异常.txt,txt,38812,b12353474bcb4c44d50a5b51f4efa3eedc3689c5429604bebe484a7601aebaac,text_or_domain_data,unchecked,
problem:2021:E:a27c937a2278,2021,E,2021-E,attachment,no,papers/problems/2021/E/附件1：UWB数据集/附件1：UWB数据集/异常数据/146.异常.txt,txt,39206,ed2e90be9a81af1be90f27552bcda822d086b57f5789209f0eec3f7f131d9a89,text_or_domain_data,unchecked,
problem:2021:E:3c69412c2cb6,2021,E,2021-E,attachment,no,papers/problems/2021/E/附件1：UWB数据集/附件1：UWB数据集/异常数据/147.异常.txt,txt,42226,f8343e5a8eaddbd233ff31a3df2acb8dbaddf6d6545f4e7b3d2d224827a13fcb,text_or_domain_data,unchecked,
problem:2021:E:6b15bfc62acc,2021,E,2021-E,attachment,no,papers/problems/2021/E/附件1：UWB数据集/附件1：UWB数据集/异常数据/148.异常.txt,txt,34942,72fa0981d53db75c4c871b01c704e40ce1201530088e699e44c7b26fefdef090,text_or_domain_data,unchecked,
problem:2021:E:b71614d02b73,2021,E,2021-E,attachment,no,papers/problems/2021/E/附件1：UWB数据集/附件1：UWB数据集/异常数据/149.异常.txt,txt,55134,e594620701da8b2d443ffd3c25bf9ce99e03a78800bba7cd4dbf0e28208fd561,text_or_domain_data,unchecked,
problem:2021:E:59d91cc4ed74,2021,E,2021-E,attachment,no,papers/problems/2021/E/附件1：UWB数据集/附件1：UWB数据集/异常数据/15.异常.txt,txt,21758,9a1dee251da2142858cff9a167ef0d4bc269ceb900a987efc845695591f9a56c,text_or_domain_data,unchecked,
problem:2021:E:cb446209b7c5,2021,E,2021-E,attachment,no,papers/problems/2021/E/附件1：UWB数据集/附件1：UWB数据集/异常数据/150.异常.txt,txt,37710,b4cf726336f1f640ffe797c8acaf5e082c630f5100bfffe91da7c41dd5e2f191,text_or_domain_data,unchecked,
problem:2021:E:273bda635adb,2021,E,2021-E,attachment,no,papers/problems/2021/E/附件1：UWB数据集/附件1：UWB数据集/异常数据/151.异常.txt,txt,47314,7620760ac1a8a6ae26ac0cda52d668a8fc61a67590a85e4abaa237e987d743c4,text_or_domain_data,unchecked,
problem:2021:E:355fe2b34504,2021,E,2021-E,attachment,no,papers/problems/2021/E/附件1：UWB数据集/附件1：UWB数据集/异常数据/152.异常.txt,txt,35442,1c804fd871733a026dbd25c5200e197952916a7848b14d4fcd415918f46afb89,text_or_domain_data,unchecked,
problem:2021:E:365efbf3305b,2021,E,2021-E,attachment,no,papers/problems/2021/E/附件1：UWB数据集/附件1：UWB数据集/异常数据/153.异常.txt,txt,38362,2eb77f26a1ea1cc7ec4ff8f3583e621da769d0db1c99f605b96f7ff59d4e17e9,text_or_domain_data,unchecked,
problem:2021:E:547bf8693c91,2021,E,2021-E,attachment,no,papers/problems/2021/E/附件1：UWB数据集/附件1：UWB数据集/异常数据/154.异常.txt,txt,57148,a172515984ae6465c0e862c894bdc586f598083aa2b27015e8634f8ade6ef376,text_or_domain_data,unchecked,
problem:2021:E:d3b23779e2e5,2021,E,2021-E,attachment,no,papers/problems/2021/E/附件1：UWB数据集/附件1：UWB数据集/异常数据/155.异常.txt,txt,38962,743d621003bd0077ec56d2c5e4f1950fd13505cebfd21e055730f3585eeed220,text_or_domain_data,unchecked,
problem:2021:E:437f7ef36a0b,2021,E,2021-E,attachment,no,papers/problems/2021/E/附件1：UWB数据集/附件1：UWB数据集/异常数据/156.异常.txt,txt,41058,d658a643f4e2f05071a6669a16a1eff71d0230bd2e7cecc909398428cc67745e,text_or_domain_data,unchecked,
problem:2021:E:1591d185fe43,2021,E,2021-E,attachment,no,papers/problems/2021/E/附件1：UWB数据集/附件1：UWB数据集/异常数据/157.异常.txt,txt,45038,07821575e83fa3142ea304b405dc8ad6dfdd43f3d698154f812a150269b718dc,text_or_domain_data,unchecked,
problem:2021:E:caca19f58fb5,2021,E,2021-E,attachment,no,papers/problems/2021/E/附件1：UWB数据集/附件1：UWB数据集/异常数据/158.异常.txt,txt,42954,aff11632582f8afade7a0aeb42ec6e819e5960f099542fa6f55369b2b023f554,text_or_domain_data,unchecked,
problem:2021:E:bccb15507681,2021,E,2021-E,attachment,no,papers/problems/2021/E/附件1：UWB数据集/附件1：UWB数据集/异常数据/159.异常.txt,txt,43178,b1715e810df8d7789da5fedbee617d5a3cb6fbb5d5eba542883e7ac3230811d3,text_or_domain_data,unchecked,
problem:2021:E:868a11526e0f,2021,E,2021-E,attachment,no,papers/problems/2021/E/附件1：UWB数据集/附件1：UWB数据集/异常数据/16.异常.txt,txt,41514,b93b3e332f251a57691fe5d7dbcb7c972c75a0134213a5595c53f68c5ab6d401,text_or_domain_data,unchecked,
problem:2021:E:3523cc1e3774,2021,E,2021-E,attachment,no,papers/problems/2021/E/附件1：UWB数据集/附件1：UWB数据集/异常数据/160.异常.txt,txt,46402,85991d49b897d4f584d41e3ed164f44f92b1f616eed7a2c1d74ea38c26eaba16,text_or_domain_data,unchecked,
problem:2021:E:268f8365a449,2021,E,2021-E,attachment,no,papers/problems/2021/E/附件1：UWB数据集/附件1：UWB数据集/异常数据/161.异常.txt,txt,42470,24b0ae11c1bd84b010b24b8c6af733f1c9c0e261ce0e98605d9d95e252616ff2,text_or_domain_data,unchecked,
problem:2021:E:a99b281709cc,2021,E,2021-E,attachment,no,papers/problems/2021/E/附件1：UWB数据集/附件1：UWB数据集/异常数据/162.异常.txt,txt,39724,2fcd85cfb94af4535eb046099a1f70cce7a91ab24b56a0979a73cf07564b7423,text_or_domain_data,unchecked,
problem:2021:E:217aa165a363,2021,E,2021-E,attachment,no,papers/problems/2021/E/附件1：UWB数据集/附件1：UWB数据集/异常数据/163.异常.txt,txt,43834,8591f8f80d5b7ece6d7ba28ccc049aabc3ed191cfe967a5ca972786296535ff6,text_or_domain_data,unchecked,
problem:2021:E:06978a617e40,2021,E,2021-E,attachment,no,papers/problems/2021/E/附件1：UWB数据集/附件1：UWB数据集/异常数据/164.异常.txt,txt,36602,638b30261236462a43c3fdd2b2eda9c8ad44a4851436e1ced89e3109fa83ab1c,text_or_domain_data,unchecked,
problem:2021:E:ff7b6d231599,2021,E,2021-E,attachment,no,papers/problems/2021/E/附件1：UWB数据集/附件1：UWB数据集/异常数据/165.异常.txt,txt,44446,a08eb25d96b48e1c44cb10dc1c881170b7402837918db129c4eed0b3499b036f,text_or_domain_data,unchecked,
problem:2021:E:3652b292d8b7,2021,E,2021-E,attachment,no,papers/problems/2021/E/附件1：UWB数据集/附件1：UWB数据集/异常数据/166.异常.txt,txt,36886,86fe7972917da894d8f73501aa0142d15f3d49b905ad7b90b1e8587344116f0f,text_or_domain_data,unchecked,
problem:2021:E:823fa3718c3d,2021,E,2021-E,attachment,no,papers/problems/2021/E/附件1：UWB数据集/附件1：UWB数据集/异常数据/167.异常.txt,txt,36290,760780c8ef817be4fd56563e72b3bfb11ad71e99a2b5453e754dc0cf6d722b8e,text_or_domain_data,unchecked,
problem:2021:E:b2fd67f80c7b,2021,E,2021-E,attachment,no,papers/problems/2021/E/附件1：UWB数据集/附件1：UWB数据集/异常数据/168.异常.txt,txt,38942,716044050a8d50edb85bc014ca77421ae3df177342a88c0b98236618c9ea4d8a,text_or_domain_data,unchecked,
problem:2021:E:d28f23518140,2021,E,2021-E,attachment,no,papers/problems/2021/E/附件1：UWB数据集/附件1：UWB数据集/异常数据/169.异常.txt,txt,42290,43b44074eabe3242453777de92708ab50a697e1063d5272ef59a5a98d7d36c13,text_or_domain_data,unchecked,
problem:2021:E:607599335907,2021,E,2021-E,attachment,no,papers/problems/2021/E/附件1：UWB数据集/附件1：UWB数据集/异常数据/17.异常.txt,txt,61730,97d08fbb2566d93887fa663a95d3f56fb6f0a60b9a840ba71b4aa3526cfe35a7,text_or_domain_data,unchecked,
problem:2021:E:503fb8200d0b,2021,E,2021-E,attachment,no,papers/problems/2021/E/附件1：UWB数据集/附件1：UWB数据集/异常数据/170.异常.txt,txt,41864,92552ce249d3f379f402b0aa8c870eaed58352675a964d47506e3ab7fb7913bd,text_or_domain_data,unchecked,
problem:2021:E:47eabdd4f8e0,2021,E,2021-E,attachment,no,papers/problems/2021/E/附件1：UWB数据集/附件1：UWB数据集/异常数据/171.异常.txt,txt,38622,1105f5aaaaaf3edbb2e864e93315c044b9a0f5b34c40edc83a49037722d0cd50,text_or_domain_data,unchecked,
problem:2021:E:fe479f4e5963,2021,E,2021-E,attachment,no,papers/problems/2021/E/附件1：UWB数据集/附件1：UWB数据集/异常数据/172.异常.txt,txt,34730,a815cdaa3142cf3b2c004146ba609d7c1c77d10bb806e5c18a879246405ebe94,text_or_domain_data,unchecked,
problem:2021:E:f20efae28edc,2021,E,2021-E,attachment,no,papers/problems/2021/E/附件1：UWB数据集/附件1：UWB数据集/异常数据/173.异常.txt,txt,41274,a903612be901d0199a9e293e1f76ca8d6e8c73b15c777a78ed9b7273fbf170f3,text_or_domain_data,unchecked,
problem:2021:E:b70cb72aa97d,2021,E,2021-E,attachment,no,papers/problems/2021/E/附件1：UWB数据集/附件1：UWB数据集/异常数据/174.异常.txt,txt,38642,7d67530dbe1cb164cebab7393477891095c5be7caccf9a29f8d6dffe6896acff,text_or_domain_data,unchecked,
problem:2021:E:6e89a7d63da5,2021,E,2021-E,attachment,no,papers/problems/2021/E/附件1：UWB数据集/附件1：UWB数据集/异常数据/175.异常.txt,txt,44494,e949b63926d7417defe0b69c1d91fdb47c25fb72252106ef19deabd4dc32de5e,text_or_domain_data,unchecked,
problem:2021:E:a2c88b09a5a7,2021,E,2021-E,attachment,no,papers/problems/2021/E/附件1：UWB数据集/附件1：UWB数据集/异常数据/176.异常.txt,txt,37090,920bac850379897e13a066d50e04d790eec27b1a17a3184ef7c3099422b6e4de,text_or_domain_data,unchecked,
problem:2021:E:1a68659acc50,2021,E,2021-E,attachment,no,papers/problems/2021/E/附件1：UWB数据集/附件1：UWB数据集/异常数据/177.异常.txt,txt,40258,346f1deae76c1128cb1e89b0167452eb29f9045564a38ea98113782c864b5a30,text_or_domain_data,unchecked,
problem:2021:E:c9006f96ba8d,2021,E,2021-E,attachment,no,papers/problems/2021/E/附件1：UWB数据集/附件1：UWB数据集/异常数据/178.异常.txt,txt,41318,5b63ee909b5205f56beb9f40c2065ff3e7cb028c044661840172a80b319015e2,text_or_domain_data,unchecked,
problem:2021:E:07cd953f77cf,2021,E,2021-E,attachment,no,papers/problems/2021/E/附件1：UWB数据集/附件1：UWB数据集/异常数据/179.异常.txt,txt,46718,ef5b8f61a9577cb11d4fe273e8952345a2edb370706e0a2cc0f3e6d4b21dbe71,text_or_domain_data,unchecked,
problem:2021:E:adde069071db,2021,E,2021-E,attachment,no,papers/problems/2021/E/附件1：UWB数据集/附件1：UWB数据集/异常数据/18.异常.txt,txt,51094,b66a38361986b887f241d675b909afaf2b8175bb83ae2c186187a10ea5942be1,text_or_domain_data,unchecked,
problem:2021:E:50d2288536f9,2021,E,2021-E,attachment,no,papers/problems/2021/E/附件1：UWB数据集/附件1：UWB数据集/异常数据/180.异常.txt,txt,48058,075ae04ab19e01179822cbc918b50a808113f310244cae0c8e9ae3566773804f,text_or_domain_data,unchecked,
problem:2021:E:adf504d9fde8,2021,E,2021-E,attachment,no,papers/problems/2021/E/附件1：UWB数据集/附件1：UWB数据集/异常数据/181.异常.txt,txt,48454,6a6f15e6fcca89dadbcdef23892bd3386ea77a523e3cf7b033801348ad5dfb83,text_or_domain_data,unchecked,
problem:2021:E:52caa67cbdd6,2021,E,2021-E,attachment,no,papers/problems/2021/E/附件1：UWB数据集/附件1：UWB数据集/异常数据/182.异常.txt,txt,41146,e89c195fa95f4b9c35c5d8aa1e00845abf1f83ae182859e5759b4199f12f1483,text_or_domain_data,unchecked,
problem:2021:E:2822caa914d1,2021,E,2021-E,attachment,no,papers/problems/2021/E/附件1：UWB数据集/附件1：UWB数据集/异常数据/183.异常.txt,txt,42754,99caa2ef40432fbe2ac1245e005b09f2996abe07cb931b74763cbfc2eec1f928,text_or_domain_data,unchecked,
problem:2021:E:f9ce5f38dbe8,2021,E,2021-E,attachment,no,papers/problems/2021/E/附件1：UWB数据集/附件1：UWB数据集/异常数据/184.异常.txt,txt,42430,ddd85b41abfe4ffda7104b9eb300a73756727070557780bb9940c231c0893704,text_or_domain_data,unchecked,
problem:2021:E:96c05f1a3034,2021,E,2021-E,attachment,no,papers/problems/2021/E/附件1：UWB数据集/附件1：UWB数据集/异常数据/185.异常.txt,txt,38222,db75448a1df5ac025659d2326abd5fe578b85a6f858b4b57af1bcec9db5a6e12,text_or_domain_data,unchecked,
problem:2021:E:54a897cd4187,2021,E,2021-E,attachment,no,papers/problems/2021/E/附件1：UWB数据集/附件1：UWB数据集/异常数据/186.异常.txt,txt,35426,7211cb7e0007e9db02be6c7facd300f1d73397ed09ee1a26ceac0420f9a97bc9,text_or_domain_data,unchecked,
problem:2021:E:47f416724edf,2021,E,2021-E,attachment,no,papers/problems/2021/E/附件1：UWB数据集/附件1：UWB数据集/异常数据/187.异常.txt,txt,38358,d2314bb1c848b828b688cff92a7757bc8c5d4f672db01f978a0fe8a8a1cdad31,text_or_domain_data,unchecked,
problem:2021:E:ae7fec87b046,2021,E,2021-E,attachment,no,papers/problems/2021/E/附件1：UWB数据集/附件1：UWB数据集/异常数据/188.异常.txt,txt,34454,b7b256ca3ffd9bef7fe7aa6cb507c97052e22c9efc8f34dd267035d0e03d5efa,text_or_domain_data,unchecked,
problem:2021:E:f15b42b331fd,2021,E,2021-E,attachment,no,papers/problems/2021/E/附件1：UWB数据集/附件1：UWB数据集/异常数据/189.异常.txt,txt,39806,0d1771c3c7686c7a39387cdcc066d58d78f5ee99d39db6bec5987234e1e2d34f,text_or_domain_data,unchecked,
problem:2021:E:e40d1b5e23ea,2021,E,2021-E,attachment,no,papers/problems/2021/E/附件1：UWB数据集/附件1：UWB数据集/异常数据/19.异常.txt,txt,37014,49e805f7278eaea337334c8e1e73845bc36831c249d3da1ebe5147b2b3e7a640,text_or_domain_data,unchecked,
problem:2021:E:eae7ac017e30,2021,E,2021-E,attachment,no,papers/problems/2021/E/附件1：UWB数据集/附件1：UWB数据集/异常数据/190.异常.txt,txt,41394,2238bf4829dbe7d59f25caa057d2ae584b29cfb858684b6a439ea7af466c2bfc,text_or_domain_data,unchecked,
problem:2021:E:1eabb49eba23,2021,E,2021-E,attachment,no,papers/problems/2021/E/附件1：UWB数据集/附件1：UWB数据集/异常数据/191.异常.txt,txt,38406,77d340ca76a4a00a8c0b02c9828a50c3a0ddc1ea19fd1f57eb86f2ef9a112abe,text_or_domain_data,unchecked,
problem:2021:E:7891a3bfd4ea,2021,E,2021-E,attachment,no,papers/problems/2021/E/附件1：UWB数据集/附件1：UWB数据集/异常数据/192.异常.txt,txt,34750,71fa2ef869ce0e905c8a812c6190dd36c3f09bd2325163904e81edfad1d21cef,text_or_domain_data,unchecked,
problem:2021:E:c2367c5cdcc5,2021,E,2021-E,attachment,no,papers/problems/2021/E/附件1：UWB数据集/附件1：UWB数据集/异常数据/193.异常.txt,txt,40870,1eeab9f63ef8299577b45c35f2b72ace31e51b1e0c35d51d2132dd0412501dc9,text_or_domain_data,unchecked,
problem:2021:E:c66baa950023,2021,E,2021-E,attachment,no,papers/problems/2021/E/附件1：UWB数据集/附件1：UWB数据集/异常数据/194.异常.txt,txt,54802,14018ffa5d93705af7e8b40fe578c314d924aedc5a10b80d4387a9e8851e8505,text_or_domain_data,unchecked,
problem:2021:E:853ba0dc5bab,2021,E,2021-E,attachment,no,papers/problems/2021/E/附件1：UWB数据集/附件1：UWB数据集/异常数据/195.异常.txt,txt,36590,62a560e0615e9e1b4bddc405af660412903b86c502e4bc29641f953d185a131a,text_or_domain_data,unchecked,
problem:2021:E:6c5fdb5ba81e,2021,E,2021-E,attachment,no,papers/problems/2021/E/附件1：UWB数据集/附件1：UWB数据集/异常数据/196.异常.txt,txt,36402,5aed7cbdbcb3654399e2ab109cf22c339ff620354ad0220935f71d44f61ba4b6,text_or_domain_data,unchecked,
problem:2021:E:65b350c07ab8,2021,E,2021-E,attachment,no,papers/problems/2021/E/附件1：UWB数据集/附件1：UWB数据集/异常数据/197.异常.txt,txt,38382,3f339dd32e52d08f095a0cf3124e554360f8ee6b68b65b3313cedb474a9c0aa2,text_or_domain_data,unchecked,
problem:2021:E:686ac9ca2f27,2021,E,2021-E,attachment,no,papers/problems/2021/E/附件1：UWB数据集/附件1：UWB数据集/异常数据/198.异常.txt,txt,42774,4815abc20c7a178858ca3f4a4cbf9ec0fda45e7bfdc500dbd96aea05cbbcb826,text_or_domain_data,unchecked,
problem:2021:E:a6efb10ff72f,2021,E,2021-E,attachment,no,papers/problems/2021/E/附件1：UWB数据集/附件1：UWB数据集/异常数据/199.异常.txt,txt,36850,782ce33501a47b9c6f180e96e974765cd15c618b01e7105fe41f001cb49d329a,text_or_domain_data,unchecked,
problem:2021:E:fe44582f4640,2021,E,2021-E,attachment,no,papers/problems/2021/E/附件1：UWB数据集/附件1：UWB数据集/异常数据/2.异常.txt,txt,25838,93c6660fc8de3a1c4862702d7f2745bea0b00917a00a8e2f39395dd4ef8dfd0d,text_or_domain_data,unchecked,
problem:2021:E:317c5274f96d,2021,E,2021-E,attachment,no,papers/problems/2021/E/附件1：UWB数据集/附件1：UWB数据集/异常数据/20.异常.txt,txt,32438,aa769cb6a6c9dc80fd2b18fe81bdfd3bd9d24d32dbdda9a218f197943d106cc3,text_or_domain_data,unchecked,
problem:2021:E:9d5803f64de4,2021,E,2021-E,attachment,no,papers/problems/2021/E/附件1：UWB数据集/附件1：UWB数据集/异常数据/200.异常.txt,txt,43846,bb2bae0b86c31fa90c9de93d046111a041a4f9060e67c6499162a65cfcb4a10f,text_or_domain_data,unchecked,
problem:2021:E:7a1a34a9b542,2021,E,2021-E,attachment,no,papers/problems/2021/E/附件1：UWB数据集/附件1：UWB数据集/异常数据/201.异常.txt,txt,41418,fc5cb9cc6c0dfea7c5d3e0f1b99478da21b58e12cfbabdde86358333a5952ade,text_or_domain_data,unchecked,
problem:2021:E:9ab084bfed72,2021,E,2021-E,attachment,no,papers/problems/2021/E/附件1：UWB数据集/附件1：UWB数据集/异常数据/202.异常.txt,txt,37426,d6256fb8d64cffb9f8ad17c54da5361b573064163184a5974fbb7a09aceb8239,text_or_domain_data,unchecked,
problem:2021:E:97b0f31f6c26,2021,E,2021-E,attachment,no,papers/problems/2021/E/附件1：UWB数据集/附件1：UWB数据集/异常数据/203.异常.txt,txt,39042,ced263d1f2489c0410a0628d255859a93f2b1d55e414fb22789cecce995e6fc5,text_or_domain_data,unchecked,
problem:2021:E:33e8ac29b0f9,2021,E,2021-E,attachment,no,papers/problems/2021/E/附件1：UWB数据集/附件1：UWB数据集/异常数据/204.异常.txt,txt,34574,12d86067a81a6cc9bdb983015d551ff1c2dcd3a396cb2023d2710e9a95baba0d,text_or_domain_data,unchecked,
problem:2021:E:0465a31d6b36,2021,E,2021-E,attachment,no,papers/problems/2021/E/附件1：UWB数据集/附件1：UWB数据集/异常数据/205.异常.txt,txt,39914,4205858a18703b8ebe95ed2bf9d570961d466c0534d3da5651b5670d02129e10,text_or_domain_data,unchecked,
problem:2021:E:9ec53d59c577,2021,E,2021-E,attachment,no,papers/problems/2021/E/附件1：UWB数据集/附件1：UWB数据集/异常数据/206.异常.txt,txt,54186,92004b185063f41bef81ac122f98275837a922fe2a9c2a60a29408bc7c4db5bf,text_or_domain_data,unchecked,
problem:2021:E:1121105ddc38,2021,E,2021-E,attachment,no,papers/problems/2021/E/附件1：UWB数据集/附件1：UWB数据集/异常数据/207.异常.txt,txt,38990,e1ac65427d7a56acb0e2ac2066b07232448de687bdbc7eb82148b1fed23190f3,text_or_domain_data,unchecked,
problem:2021:E:7c5cd4141305,2021,E,2021-E,attachment,no,papers/problems/2021/E/附件1：UWB数据集/附件1：UWB数据集/异常数据/208.异常.txt,txt,36846,795a80d81b1260816d11967843e732615f8d941dac6788e39a05351632b0cdb1,text_or_domain_data,unchecked,
problem:2021:E:3c53290da4b2,2021,E,2021-E,attachment,no,papers/problems/2021/E/附件1：UWB数据集/附件1：UWB数据集/异常数据/209.异常.txt,txt,42238,ef817e732260b5ff8123b0cab467d378603a8db62ebdde0be62fcf9f1c5c791e,text_or_domain_data,unchecked,
problem:2021:E:66ab53a35910,2021,E,2021-E,attachment,no,papers/problems/2021/E/附件1：UWB数据集/附件1：UWB数据集/异常数据/21.异常.txt,txt,33550,75eb91c83a1947fabe94cd8afe48d94527704e0518e14a70cc77f3d438a47243,text_or_domain_data,unchecked,
problem:2021:E:75a7e593f9cb,2021,E,2021-E,attachment,no,papers/problems/2021/E/附件1：UWB数据集/附件1：UWB数据集/异常数据/210.异常.txt,txt,42626,b30a7b8663849e67ffc574eeff922b9c45dc16c29bb31532dceaa7fa188977e6,text_or_domain_data,unchecked,
problem:2021:E:451a2e8fa4ab,2021,E,2021-E,attachment,no,papers/problems/2021/E/附件1：UWB数据集/附件1：UWB数据集/异常数据/211.异常.txt,txt,41002,6748ef33e5992f153d2182398f681fc1b4ae9ab2a3241aa3fad15163850f052a,text_or_domain_data,unchecked,
problem:2021:E:21b7acd46e62,2021,E,2021-E,attachment,no,papers/problems/2021/E/附件1：UWB数据集/附件1：UWB数据集/异常数据/212.异常.txt,txt,42354,6a07b529f83f69c8ac94092ccebf701e4f2bf1ae72ecd5a13985395d42e4c8bd,text_or_domain_data,unchecked,
problem:2021:E:c9a1b6195153,2021,E,2021-E,attachment,no,papers/problems/2021/E/附件1：UWB数据集/附件1：UWB数据集/异常数据/213.异常.txt,txt,46606,3dcca59de9319cfc159e591b7e7841b955014664812699e84bd03d1e8d94f607,text_or_domain_data,unchecked,
problem:2021:E:00437de7ea84,2021,E,2021-E,attachment,no,papers/problems/2021/E/附件1：UWB数据集/附件1：UWB数据集/异常数据/214.异常.txt,txt,42018,de58eab1e1e708f3160d2bb1f3d22b7b709dcfac7c62a2a45e4273b7f399eaae,text_or_domain_data,unchecked,
problem:2021:E:cc7d58d5491d,2021,E,2021-E,attachment,no,papers/problems/2021/E/附件1：UWB数据集/附件1：UWB数据集/异常数据/215.异常.txt,txt,39618,fa44ab097065518eeff286678d5194a6b05b6fe6b8c625c156697c19aa9354dc,text_or_domain_data,unchecked,
problem:2021:E:1d92088cf3af,2021,E,2021-E,attachment,no,papers/problems/2021/E/附件1：UWB数据集/附件1：UWB数据集/异常数据/216.异常.txt,txt,38754,1f3ee1994a30f904fcb881233ac4043b01dad94dcdd6acb4862e6326740832da,text_or_domain_data,unchecked,
problem:2021:E:5ccdde16e58a,2021,E,2021-E,attachment,no,papers/problems/2021/E/附件1：UWB数据集/附件1：UWB数据集/异常数据/217.异常.txt,txt,35958,a477e16fb61d9eabfb8e4ec8ee954c724ff669f311e2b70f912bb8adbc90b314,text_or_domain_data,unchecked,
problem:2021:E:94837514181b,2021,E,2021-E,attachment,no,papers/problems/2021/E/附件1：UWB数据集/附件1：UWB数据集/异常数据/218.异常.txt,txt,37588,2f10e303eee090eb9b6cfa5966a6c554bdbe31806b952c1b1cfd1ff10d70f301,text_or_domain_data,unchecked,
problem:2021:E:0a823551f68c,2021,E,2021-E,attachment,no,papers/problems/2021/E/附件1：UWB数据集/附件1：UWB数据集/异常数据/219.异常.txt,txt,45314,dc92a6c0105f107a8de788b238f5316bcaa1c5c3fb0fe62b0259c9b532279c0e,text_or_domain_data,unchecked,
problem:2021:E:abed9683f165,2021,E,2021-E,attachment,no,papers/problems/2021/E/附件1：UWB数据集/附件1：UWB数据集/异常数据/22.异常.txt,txt,29714,a0e68aec8d39c2effa793c3475a0b861931b3b6f6d917685dd9e35e406ca110b,text_or_domain_data,unchecked,
problem:2021:E:a967317485ef,2021,E,2021-E,attachment,no,papers/problems/2021/E/附件1：UWB数据集/附件1：UWB数据集/异常数据/220.异常.txt,txt,38254,cdcf3adb8c748e1441a9012602119e5f32db8204a705ad0b5208d57123c65881,text_or_domain_data,unchecked,
problem:2021:E:d15961e5403c,2021,E,2021-E,attachment,no,papers/problems/2021/E/附件1：UWB数据集/附件1：UWB数据集/异常数据/221.异常.txt,txt,35078,f0b2710b15a031c39efe9e70544e88ec70ff20a607c5e3aadf104cb9696e4b11,text_or_domain_data,unchecked,
problem:2021:E:4482bf945c22,2021,E,2021-E,attachment,no,papers/problems/2021/E/附件1：UWB数据集/附件1：UWB数据集/异常数据/222.异常.txt,txt,36006,28b4ca1145c109e6fd74b17465a15e90626386ff4c1bac11fa4c651966390ce2,text_or_domain_data,unchecked,
problem:2021:E:8db97e4f17b6,2021,E,2021-E,attachment,no,papers/problems/2021/E/附件1：UWB数据集/附件1：UWB数据集/异常数据/223.异常.txt,txt,36970,3e4c02f524223e31bd2380ae6bdd770ae3a6ccee0434f916294819f5df1425bf,text_or_domain_data,unchecked,
problem:2021:E:8a0f4eb22212,2021,E,2021-E,attachment,no,papers/problems/2021/E/附件1：UWB数据集/附件1：UWB数据集/异常数据/224.异常.txt,txt,39722,6bd2afa1b3ca009b95099b07bcd2c4f820f325c1defccd7054b732629c08fb81,text_or_domain_data,unchecked,
problem:2021:E:0ce134ddd040,2021,E,2021-E,attachment,no,papers/problems/2021/E/附件1：UWB数据集/附件1：UWB数据集/异常数据/225.异常.txt,txt,35766,ca055769aded1bd092b5d1e20eac8b472a9ff98b3a93b61902a610dffd11f5df,text_or_domain_data,unchecked,
problem:2021:E:0e39961082a5,2021,E,2021-E,attachment,no,papers/problems/2021/E/附件1：UWB数据集/附件1：UWB数据集/异常数据/226.异常.txt,txt,44090,237947f923d8381ae5b593a64d542b5dd5eb682d4218c2165daf23b54f735bd1,text_or_domain_data,unchecked,
problem:2021:E:df1c93ca4ad1,2021,E,2021-E,attachment,no,papers/problems/2021/E/附件1：UWB数据集/附件1：UWB数据集/异常数据/227.异常.txt,txt,81442,663fef190aa909010ef679da860cb791fd3b24593a3e30082c9ff1d787318a0c,text_or_domain_data,unchecked,
problem:2021:E:65ff190b7bfc,2021,E,2021-E,attachment,no,papers/problems/2021/E/附件1：UWB数据集/附件1：UWB数据集/异常数据/228.异常.txt,txt,39102,199032ab2e5e21db2ceec9003b7b94f31ac81ba746ef6a0850d0ba34e74982ec,text_or_domain_data,unchecked,
problem:2021:E:55cd4ed79d3b,2021,E,2021-E,attachment,no,papers/problems/2021/E/附件1：UWB数据集/附件1：UWB数据集/异常数据/229.异常.txt,txt,39566,4710d269f9e6a4fa994a0f5a8be9097c184f635ad07495f11f615e34d3274998,text_or_domain_data,unchecked,
problem:2021:E:5755dd4ee41e,2021,E,2021-E,attachment,no,papers/problems/2021/E/附件1：UWB数据集/附件1：UWB数据集/异常数据/23.异常.txt,txt,24090,4b01378c3745fc74a75394f2b4c12246b145800edd51ca3f209e69c9283e97a7,text_or_domain_data,unchecked,
problem:2021:E:b78e85e71ed0,2021,E,2021-E,attachment,no,papers/problems/2021/E/附件1：UWB数据集/附件1：UWB数据集/异常数据/230.异常.txt,txt,52714,14cce7d77cb14dc6d5b4b5f85a25256bf6831da40641390374c4e73fd92f4f8e,text_or_domain_data,unchecked,
problem:2021:E:a2276a11704d,2021,E,2021-E,attachment,no,papers/problems/2021/E/附件1：UWB数据集/附件1：UWB数据集/异常数据/231.异常.txt,txt,39406,c67d516a6610c7161d9e27921d914d77b66e05a1e63d50555632458821a40364,text_or_domain_data,unchecked,
problem:2021:E:feb65bbf94ed,2021,E,2021-E,attachment,no,papers/problems/2021/E/附件1：UWB数据集/附件1：UWB数据集/异常数据/232.异常.txt,txt,44482,264e822407d7014f9bb68f18823179d9545acc2bf69fb171769aeb9e21ef2ded,text_or_domain_data,unchecked,
problem:2021:E:27d785268e2d,2021,E,2021-E,attachment,no,papers/problems/2021/E/附件1：UWB数据集/附件1：UWB数据集/异常数据/233.异常.txt,txt,35358,e9f6cffb5770aa215b946b0742846cc8bdeab904e1697ff49795cc5a89340d36,text_or_domain_data,unchecked,
problem:2021:E:d00923c2b8e4,2021,E,2021-E,attachment,no,papers/problems/2021/E/附件1：UWB数据集/附件1：UWB数据集/异常数据/234.异常.txt,txt,34350,0883363c0bbb06c3feee5baf90eb9a55cf99c665a470750a19054cbbeb3217b6,text_or_domain_data,unchecked,
problem:2021:E:87351c0359c4,2021,E,2021-E,attachment,no,papers/problems/2021/E/附件1：UWB数据集/附件1：UWB数据集/异常数据/235.异常.txt,txt,40332,0433e14184371f1269bddb0b0d7ec68533a91452ec6454e690be9a34510df687,text_or_domain_data,unchecked,
problem:2021:E:65e93e13bc85,2021,E,2021-E,attachment,no,papers/problems/2021/E/附件1：UWB数据集/附件1：UWB数据集/异常数据/236.异常.txt,txt,27384,e46555314deb679a2c7f61b6bc46b7f8076d34e2b98a19ca5fffd29502a252c3,text_or_domain_data,unchecked,
problem:2021:E:fc9968e73ced,2021,E,2021-E,attachment,no,papers/problems/2021/E/附件1：UWB数据集/附件1：UWB数据集/异常数据/237.异常.txt,txt,36806,2fd83b491c7b1893a80af5ba528a1e85338b2996b7651a4f2aa0a0fe438e76da,text_or_domain_data,unchecked,
problem:2021:E:da6c93ebab73,2021,E,2021-E,attachment,no,papers/problems/2021/E/附件1：UWB数据集/附件1：UWB数据集/异常数据/238.异常.txt,txt,36054,e99668a4bde07b7babb38ad8ba2842be20a8b59a5c5d2b23ff84d41299ea8db7,text_or_domain_data,unchecked,
problem:2021:E:4886fae0f7d8,2021,E,2021-E,attachment,no,papers/problems/2021/E/附件1：UWB数据集/附件1：UWB数据集/异常数据/239.异常.txt,txt,37906,b73617a04e1ea526b969df1e46ce12be52935eaf1df72ba278ec646329c1a610,text_or_domain_data,unchecked,
problem:2021:E:4b7fec63e281,2021,E,2021-E,attachment,no,papers/problems/2021/E/附件1：UWB数据集/附件1：UWB数据集/异常数据/24.异常.txt,txt,23630,6fba4892d63b5e4b359515150a37857396e37423f7b001ab977b55a6a58bee92,text_or_domain_data,unchecked,
problem:2021:E:60a3eb21fb47,2021,E,2021-E,attachment,no,papers/problems/2021/E/附件1：UWB数据集/附件1：UWB数据集/异常数据/240.异常.txt,txt,51626,7ce9f61785b7105d347b3290235f0327f1877aa9fb03984b82005a0f1ef349a5,text_or_domain_data,unchecked,
problem:2021:E:9e36be3e1d66,2021,E,2021-E,attachment,no,papers/problems/2021/E/附件1：UWB数据集/附件1：UWB数据集/异常数据/241.异常.txt,txt,31190,387fc591a5b12f42eb45e008ba38821e47af7b4202324125c7d34d2a4c70426d,text_or_domain_data,unchecked,
problem:2021:E:b2f840f8493d,2021,E,2021-E,attachment,no,papers/problems/2021/E/附件1：UWB数据集/附件1：UWB数据集/异常数据/242.异常.txt,txt,42746,0fc08300095f8303802442c0a17a06e6772eabc30b697035cd7a1d3e97256044,text_or_domain_data,unchecked,
problem:2021:E:e731028a0e1b,2021,E,2021-E,attachment,no,papers/problems/2021/E/附件1：UWB数据集/附件1：UWB数据集/异常数据/243.异常.txt,txt,36952,a46a6364a4169c0a4a1fb323b01f220a5be0493cf3959535a3766e7bb19f803e,text_or_domain_data,unchecked,
problem:2021:E:afdbe65bfc1f,2021,E,2021-E,attachment,no,papers/problems/2021/E/附件1：UWB数据集/附件1：UWB数据集/异常数据/244.异常.txt,txt,46844,751b34783e1c9e6ec2e42e3e75b5d7b0e55b3de7d8bbf9db45ae667c21e51319,text_or_domain_data,unchecked,
problem:2021:E:ceca74cebb9f,2021,E,2021-E,attachment,no,papers/problems/2021/E/附件1：UWB数据集/附件1：UWB数据集/异常数据/245.异常.txt,txt,43174,d37638cd08093c4cf4ff7b09838f81c9c3956750468c4574b900cc3b89b5e1c2,text_or_domain_data,unchecked,
problem:2021:E:1acd3f91155f,2021,E,2021-E,attachment,no,papers/problems/2021/E/附件1：UWB数据集/附件1：UWB数据集/异常数据/246.异常.txt,txt,34602,353c5b0a84dd6383e8ec88771591f13084115cdaac6a9036f2f33e461cfd8b32,text_or_domain_data,unchecked,
problem:2021:E:6ed1e44ed539,2021,E,2021-E,attachment,no,papers/problems/2021/E/附件1：UWB数据集/附件1：UWB数据集/异常数据/247.异常.txt,txt,36190,e0f303af70b8e516afd8d74f5f54da52be9be0dfc0199b8d9eb1c8b6ffc0391e,text_or_domain_data,unchecked,
problem:2021:E:34344eaf393c,2021,E,2021-E,attachment,no,papers/problems/2021/E/附件1：UWB数据集/附件1：UWB数据集/异常数据/248.异常.txt,txt,41722,3559dc7dab971b41710856d3b7e6d465e52a4716b752897f889bdbbd32d78bca,text_or_domain_data,unchecked,
problem:2021:E:f639a269cdcd,2021,E,2021-E,attachment,no,papers/problems/2021/E/附件1：UWB数据集/附件1：UWB数据集/异常数据/249.异常.txt,txt,38078,6452feba2ffdca1a6e3dfa400be17ec51a64bc2a080fff50d4783b1193a33daa,text_or_domain_data,unchecked,
problem:2021:E:6cb53e0ad23f,2021,E,2021-E,attachment,no,papers/problems/2021/E/附件1：UWB数据集/附件1：UWB数据集/异常数据/25.异常.txt,txt,26990,8643799602a3022dbfe6a2e8c10399595e0ea860b91cedd6f85145fa1dbf3ffc,text_or_domain_data,unchecked,
problem:2021:E:327b770f8da7,2021,E,2021-E,attachment,no,papers/problems/2021/E/附件1：UWB数据集/附件1：UWB数据集/异常数据/250.异常.txt,txt,34290,b2142a6576939bd1b1663931c8458806b57081fa8ba15bb8f8311aa0e028fd96,text_or_domain_data,unchecked,
problem:2021:E:8e023bb5bc9f,2021,E,2021-E,attachment,no,papers/problems/2021/E/附件1：UWB数据集/附件1：UWB数据集/异常数据/251.异常.txt,txt,33374,eeeed328c49351efc20a41a92c8607eb6f262006543702ba0bda55cd5380b4bf,text_or_domain_data,unchecked,
problem:2021:E:a237a9ad41e4,2021,E,2021-E,attachment,no,papers/problems/2021/E/附件1：UWB数据集/附件1：UWB数据集/异常数据/252.异常.txt,txt,34294,bd3dd02ab35362911891ae3b8ac99052ab8d296c3e358f6a3dd18e086eb95d1a,text_or_domain_data,unchecked,
problem:2021:E:8c02689369b7,2021,E,2021-E,attachment,no,papers/problems/2021/E/附件1：UWB数据集/附件1：UWB数据集/异常数据/253.异常.txt,txt,36846,dc972df06a90ffd3e4b107d23ea73e61704f50cd2fbbae1bada2b7b9f8212167,text_or_domain_data,unchecked,
problem:2021:E:b5e888a8bb0e,2021,E,2021-E,attachment,no,papers/problems/2021/E/附件1：UWB数据集/附件1：UWB数据集/异常数据/254.异常.txt,txt,35742,a3be0b9091e983dacf4f7725d17fd4483bf629055cfb749800c42bd2d0e88a55,text_or_domain_data,unchecked,
problem:2021:E:bf3b88890296,2021,E,2021-E,attachment,no,papers/problems/2021/E/附件1：UWB数据集/附件1：UWB数据集/异常数据/255.异常.txt,txt,37838,cc02318bc244d1954641b44500f67b4f974674a0cbb08e5b77f55240dc75fe92,text_or_domain_data,unchecked,
problem:2021:E:213654d48cc8,2021,E,2021-E,attachment,no,papers/problems/2021/E/附件1：UWB数据集/附件1：UWB数据集/异常数据/256.异常.txt,txt,34942,0ffd45c939fd32ab36fbb036f317dc0471a142836b083da8e6626102512707a5,text_or_domain_data,unchecked,
problem:2021:E:7c9a35718897,2021,E,2021-E,attachment,no,papers/problems/2021/E/附件1：UWB数据集/附件1：UWB数据集/异常数据/257.异常.txt,txt,39462,161591b80ff019dfd1dab941bdf23ece86c0f5c34e9154221dd7279865cf6943,text_or_domain_data,unchecked,
problem:2021:E:be5508389e77,2021,E,2021-E,attachment,no,papers/problems/2021/E/附件1：UWB数据集/附件1：UWB数据集/异常数据/258.异常.txt,txt,35150,ca46bafcbbfa49a4edb5cd88410bd23721103fb75052986f10dfca1797218a73,text_or_domain_data,unchecked,
problem:2021:E:e4ddf00d67e4,2021,E,2021-E,attachment,no,papers/problems/2021/E/附件1：UWB数据集/附件1：UWB数据集/异常数据/259.异常.txt,txt,36094,3753cccd1e607fe88bd616c884c8ef5e34e45541a0f7cf8c78d4bbf920eef7e9,text_or_domain_data,unchecked,
problem:2021:E:bff477f7cacd,2021,E,2021-E,attachment,no,papers/problems/2021/E/附件1：UWB数据集/附件1：UWB数据集/异常数据/26.异常.txt,txt,28750,c3f8ce8701214278fa8964db402afb246d21e32bd6fda493adde781ef1568dfa,text_or_domain_data,unchecked,
problem:2021:E:448731bd97cb,2021,E,2021-E,attachment,no,papers/problems/2021/E/附件1：UWB数据集/附件1：UWB数据集/异常数据/260.异常.txt,txt,32258,ae4dbdeafea703e52b3e49fd1c1701d051148154bf12e2e4dab0be90bafe3d85,text_or_domain_data,unchecked,
problem:2021:E:d729cd3418ac,2021,E,2021-E,attachment,no,papers/problems/2021/E/附件1：UWB数据集/附件1：UWB数据集/异常数据/261.异常.txt,txt,33726,7c2ae5fc64927b9d47891ed1ef9f9cf46663617022acbb087183a1f0c535e7bb,text_or_domain_data,unchecked,
problem:2021:E:7333303e1b9a,2021,E,2021-E,attachment,no,papers/problems/2021/E/附件1：UWB数据集/附件1：UWB数据集/异常数据/262.异常.txt,txt,36410,8e1233c6fe526d2a77dc08decc85a0730ecc4ba39ec9719aba1a97152f255566,text_or_domain_data,unchecked,
problem:2021:E:d814cbf2d5da,2021,E,2021-E,attachment,no,papers/problems/2021/E/附件1：UWB数据集/附件1：UWB数据集/异常数据/263.异常.txt,txt,43790,39321b47a677595e972e414f40519d2d558a7d6147bde1d4880923a97bb76dcb,text_or_domain_data,unchecked,
problem:2021:E:bdcf59322972,2021,E,2021-E,attachment,no,papers/problems/2021/E/附件1：UWB数据集/附件1：UWB数据集/异常数据/264.异常.txt,txt,35046,7354d2d819375ae99f16ada27dce2cdf5f4de51c3ea8328fa9813e33f13f105c,text_or_domain_data,unchecked,
problem:2021:E:72427bf07a64,2021,E,2021-E,attachment,no,papers/problems/2021/E/附件1：UWB数据集/附件1：UWB数据集/异常数据/265.异常.txt,txt,41506,2ebd6c94313cc1f2af216eb6a2ad6f2559fe0d3204b7b12afd152e7c3b1e44a9,text_or_domain_data,unchecked,
problem:2021:E:d63e536ff80c,2021,E,2021-E,attachment,no,papers/problems/2021/E/附件1：UWB数据集/附件1：UWB数据集/异常数据/266.异常.txt,txt,36838,67cc4c4fcd8c082ae8adcd64aa97cb3b229017d7d7524a236ded3f9a0938135e,text_or_domain_data,unchecked,
problem:2021:E:fd677f955fd7,2021,E,2021-E,attachment,no,papers/problems/2021/E/附件1：UWB数据集/附件1：UWB数据集/异常数据/267.异常.txt,txt,34170,1420eb8a6f435a1ad161f08568cda5d034eb346d5ee6fc8d545feec903bc3c9f,text_or_domain_data,unchecked,
problem:2021:E:f8f969722e76,2021,E,2021-E,attachment,no,papers/problems/2021/E/附件1：UWB数据集/附件1：UWB数据集/异常数据/268.异常.txt,txt,36062,ff0fc329c6412dc16d71edce6148b1efea90a4268cd39e43da1f51a5abf1db2f,text_or_domain_data,unchecked,
problem:2021:E:8fae8132f3f7,2021,E,2021-E,attachment,no,papers/problems/2021/E/附件1：UWB数据集/附件1：UWB数据集/异常数据/269.异常.txt,txt,43122,9ce2059d9a6c0d5fc9ff0cb14597788dad99611aa5f7460e0fda15e63aca6dcf,text_or_domain_data,unchecked,
problem:2021:E:6fbf4367e015,2021,E,2021-E,attachment,no,papers/problems/2021/E/附件1：UWB数据集/附件1：UWB数据集/异常数据/27.异常.txt,txt,38990,10ecfa13d469d6efc7c2e28bd5b81716a4a8056644fee1e0a4b24f31c0c4882f,text_or_domain_data,unchecked,
problem:2021:E:67e781559e81,2021,E,2021-E,attachment,no,papers/problems/2021/E/附件1：UWB数据集/附件1：UWB数据集/异常数据/270.异常.txt,txt,42846,6364611cca82be632bb960c0440c1bc8590d2e0f0306f531652d482f8d93221b,text_or_domain_data,unchecked,
problem:2021:E:cb96ad20d550,2021,E,2021-E,attachment,no,papers/problems/2021/E/附件1：UWB数据集/附件1：UWB数据集/异常数据/271.异常.txt,txt,38238,b0b6f8cbd87d7bb8e3c35e175e54ee67ebaf268ec66e79dfd1f39d1047e27bad,text_or_domain_data,unchecked,
problem:2021:E:d11122b7ed2e,2021,E,2021-E,attachment,no,papers/problems/2021/E/附件1：UWB数据集/附件1：UWB数据集/异常数据/272.异常.txt,txt,34686,13d50c7828a865d99b540a494c3ac38198ee4e7e77b84f90217c6b5802329cf1,text_or_domain_data,unchecked,
problem:2021:E:ce95fe2d9849,2021,E,2021-E,attachment,no,papers/problems/2021/E/附件1：UWB数据集/附件1：UWB数据集/异常数据/273.异常.txt,txt,38010,5f25ccbc509ca38bcd1e99da7420a50b17bde28005048e63f96798ef9e9058dd,text_or_domain_data,unchecked,
problem:2021:E:e8047ab04839,2021,E,2021-E,attachment,no,papers/problems/2021/E/附件1：UWB数据集/附件1：UWB数据集/异常数据/274.异常.txt,txt,38294,879e09f51cd53225911ad0ce528c03e3775cdb81d5e16bc8729848448d2ee67f,text_or_domain_data,unchecked,
problem:2021:E:da7609642b50,2021,E,2021-E,attachment,no,papers/problems/2021/E/附件1：UWB数据集/附件1：UWB数据集/异常数据/275.异常.txt,txt,33118,5cc495e6b4c8ca1571db5879e7aa7fe67190f48d3917b451615d9ec74a538218,text_or_domain_data,unchecked,
problem:2021:E:e813c96de885,2021,E,2021-E,attachment,no,papers/problems/2021/E/附件1：UWB数据集/附件1：UWB数据集/异常数据/276.异常.txt,txt,34258,7f0884189636f725f1948883530d833b918a9196a4466ae8544a975186eec0e1,text_or_domain_data,unchecked,
problem:2021:E:eb2178e8d258,2021,E,2021-E,attachment,no,papers/problems/2021/E/附件1：UWB数据集/附件1：UWB数据集/异常数据/277.异常.txt,txt,38990,ac7702a14f1bfabc8699064a4d36ae2b03445c772fb7912af671939989338149,text_or_domain_data,unchecked,
problem:2021:E:cd4f65c0aa38,2021,E,2021-E,attachment,no,papers/problems/2021/E/附件1：UWB数据集/附件1：UWB数据集/异常数据/278.异常.txt,txt,38882,6ccc8443228c738f56188b8e3a35179e9c240859a133ad6ad0f66acb8bd07e5e,text_or_domain_data,unchecked,
problem:2021:E:9cefbb0c12f5,2021,E,2021-E,attachment,no,papers/problems/2021/E/附件1：UWB数据集/附件1：UWB数据集/异常数据/279.异常.txt,txt,33402,feb14eb39710220119c77002b7b9172a5364c9bf8b35f364d20b0a519caf4966,text_or_domain_data,unchecked,
problem:2021:E:bdcfb93c1652,2021,E,2021-E,attachment,no,papers/problems/2021/E/附件1：UWB数据集/附件1：UWB数据集/异常数据/28.异常.txt,txt,33710,f63f50c3457540a729dca5c0ace536f19de7ff01af44da007db784e8a69cabfd,text_or_domain_data,unchecked,
problem:2021:E:20e9e0dc5013,2021,E,2021-E,attachment,no,papers/problems/2021/E/附件1：UWB数据集/附件1：UWB数据集/异常数据/280.异常.txt,txt,48282,bfb49c31e592f95f966402638446629cd48fbb36fd7cb460e37cfb73feae4317,text_or_domain_data,unchecked,
problem:2021:E:10a48bfc07f3,2021,E,2021-E,attachment,no,papers/problems/2021/E/附件1：UWB数据集/附件1：UWB数据集/异常数据/281.异常.txt,txt,34150,4e62a1775ff9485ce8f3fc24b817ea9fabc763021f954a6418b81dee13c91882,text_or_domain_data,unchecked,
problem:2021:E:1483266c37cb,2021,E,2021-E,attachment,no,papers/problems/2021/E/附件1：UWB数据集/附件1：UWB数据集/异常数据/282.异常.txt,txt,35926,d393f17e8ae0683b8b2440c2ca0b5e07de02cb0ed953846e8f8dfa76a27c9627,text_or_domain_data,unchecked,
problem:2021:E:481e2709bc8f,2021,E,2021-E,attachment,no,papers/problems/2021/E/附件1：UWB数据集/附件1：UWB数据集/异常数据/283.异常.txt,txt,37202,b82906f95b65c318ca593d17a5956842e23f48bfc18bd778e19088d3f7e1f4c6,text_or_domain_data,unchecked,
problem:2021:E:190abdc9b8fd,2021,E,2021-E,attachment,no,papers/problems/2021/E/附件1：UWB数据集/附件1：UWB数据集/异常数据/284.异常.txt,txt,39890,308c46b91df3042765dd4c9bf14d293160e5d6d6266d8f1dca635cf90941c3ff,text_or_domain_data,unchecked,
problem:2021:E:2b3262566615,2021,E,2021-E,attachment,no,papers/problems/2021/E/附件1：UWB数据集/附件1：UWB数据集/异常数据/285.异常.txt,txt,38950,a0a48e4c0f071cb9b159d58e95578e8b751ce5e14a6f003f9d9e8d95f8916b23,text_or_domain_data,unchecked,
problem:2021:E:f373ceb00312,2021,E,2021-E,attachment,no,papers/problems/2021/E/附件1：UWB数据集/附件1：UWB数据集/异常数据/286.异常.txt,txt,49238,48348022af8f5d95c22ed8091bd936b0793a9982ed1b892e400d64d9727c0ece,text_or_domain_data,unchecked,
problem:2021:E:f2f60e8abb00,2021,E,2021-E,attachment,no,papers/problems/2021/E/附件1：UWB数据集/附件1：UWB数据集/异常数据/287.异常.txt,txt,34862,fb99f6abf7b5ccbd5f51d7e4346490ee804607144cd25163424a68d51ae74985,text_or_domain_data,unchecked,
problem:2021:E:e5db82365339,2021,E,2021-E,attachment,no,papers/problems/2021/E/附件1：UWB数据集/附件1：UWB数据集/异常数据/288.异常.txt,txt,43528,1fd61369c3c257b840d938620a1455db513b97cb66b1a3147318aa84f7d948c9,text_or_domain_data,unchecked,
problem:2021:E:20de347a3929,2021,E,2021-E,attachment,no,papers/problems/2021/E/附件1：UWB数据集/附件1：UWB数据集/异常数据/289.异常.txt,txt,42618,58fb5895baf2881f1ecdf61d180d0f129371ecd4bd828d7b20e34747abc62ee8,text_or_domain_data,unchecked,
problem:2021:E:4488e8bf2966,2021,E,2021-E,attachment,no,papers/problems/2021/E/附件1：UWB数据集/附件1：UWB数据集/异常数据/29.异常.txt,txt,20674,3e2f517d5f28e8cce5e2f5aa98f8ed1a85971177bbb59dd2be3dc5b11a429aaa,text_or_domain_data,unchecked,
problem:2021:E:e6923ce05f32,2021,E,2021-E,attachment,no,papers/problems/2021/E/附件1：UWB数据集/附件1：UWB数据集/异常数据/290.异常.txt,txt,30350,15b339d49c9c4fbbf0944242c0bf9835460faa686cef79ee356417fa0431db35,text_or_domain_data,unchecked,
problem:2021:E:b6e58fae14ad,2021,E,2021-E,attachment,no,papers/problems/2021/E/附件1：UWB数据集/附件1：UWB数据集/异常数据/291.异常.txt,txt,35150,14d6f491dac372920e36a577530dabd1dd1d2d1967b2375f97d1d91168139c51,text_or_domain_data,unchecked,
problem:2021:E:d0e8fd9bb35d,2021,E,2021-E,attachment,no,papers/problems/2021/E/附件1：UWB数据集/附件1：UWB数据集/异常数据/292.异常.txt,txt,41214,94d1c0c56643d9097408d013145cacc9d79dbdb9a16cddca3a0dd3675e4d4da2,text_or_domain_data,unchecked,
problem:2021:E:12aa36141a59,2021,E,2021-E,attachment,no,papers/problems/2021/E/附件1：UWB数据集/附件1：UWB数据集/异常数据/293.异常.txt,txt,36674,5c55dc2c67d48c96abdec1341a865d7e3c4145bf24aca5b76598d46a9418c8db,text_or_domain_data,unchecked,
problem:2021:E:ec274addb253,2021,E,2021-E,attachment,no,papers/problems/2021/E/附件1：UWB数据集/附件1：UWB数据集/异常数据/294.异常.txt,txt,43966,1d78e7ea1a7fee653471c9ee399b7845dfd5c0635ee378d3733432ad26b66f49,text_or_domain_data,unchecked,
problem:2021:E:79a8b2371d14,2021,E,2021-E,attachment,no,papers/problems/2021/E/附件1：UWB数据集/附件1：UWB数据集/异常数据/295.异常.txt,txt,40614,d94c89fe81ab5cd1742a09d4e2f8e96c99dbe2906585f49f3d91e7247f322829,text_or_domain_data,unchecked,
problem:2021:E:d6d640b93bb1,2021,E,2021-E,attachment,no,papers/problems/2021/E/附件1：UWB数据集/附件1：UWB数据集/异常数据/296.异常.txt,txt,45462,8125d93021fe52336a609e5b8fdb11349d6900b02c6e44981a1ef565364d4049,text_or_domain_data,unchecked,
problem:2021:E:412ec97137ec,2021,E,2021-E,attachment,no,papers/problems/2021/E/附件1：UWB数据集/附件1：UWB数据集/异常数据/297.异常.txt,txt,42190,cd554176e40271883959662ae867a300a9ea1b07c4f0512216cf1a4692f9c3aa,text_or_domain_data,unchecked,
problem:2021:E:542fd6e22206,2021,E,2021-E,attachment,no,papers/problems/2021/E/附件1：UWB数据集/附件1：UWB数据集/异常数据/298.异常.txt,txt,33410,ff94ce513883fa282bc35434d9540c7376fa5acd3f1d6014b44d51da5b6ff1ac,text_or_domain_data,unchecked,
problem:2021:E:fbe3e411e9d1,2021,E,2021-E,attachment,no,papers/problems/2021/E/附件1：UWB数据集/附件1：UWB数据集/异常数据/299.异常.txt,txt,47502,277134faa26dff37ba29c8231202095f9dcf14efad34f7a923885d45a86715f0,text_or_domain_data,unchecked,
problem:2021:E:333461ac9c7e,2021,E,2021-E,attachment,no,papers/problems/2021/E/附件1：UWB数据集/附件1：UWB数据集/异常数据/3.异常.txt,txt,29894,7d18986d2265be358f995537b106c23285920be4e0535b01dae50670e6968d28,text_or_domain_data,unchecked,
problem:2021:E:6b91665dd7f7,2021,E,2021-E,attachment,no,papers/problems/2021/E/附件1：UWB数据集/附件1：UWB数据集/异常数据/30.异常.txt,txt,32430,f27384a04e0ac46b7b24bfd294e668cc3b71d51594f8c1135c7cd5cf52e2cb4f,text_or_domain_data,unchecked,
problem:2021:E:3a2ce622ded3,2021,E,2021-E,attachment,no,papers/problems/2021/E/附件1：UWB数据集/附件1：UWB数据集/异常数据/300.异常.txt,txt,41858,52b5d4bda7dfac24a6d951c36705849594bbe87f1d4aca8d5642ca7abad4a95a,text_or_domain_data,unchecked,
problem:2021:E:8ff1e7c48f86,2021,E,2021-E,attachment,no,papers/problems/2021/E/附件1：UWB数据集/附件1：UWB数据集/异常数据/301.异常.txt,txt,40210,fea233f3ab866abdea76bc7432cf5ebb59bc074700ba1fd1a95a1e8894ce0fad,text_or_domain_data,unchecked,
problem:2021:E:e093fa519bca,2021,E,2021-E,attachment,no,papers/problems/2021/E/附件1：UWB数据集/附件1：UWB数据集/异常数据/302.异常.txt,txt,44686,70091f5ebd54b5b127ee75596a4e7cfb54e94fb23690d515b032842ac68d9973,text_or_domain_data,unchecked,
problem:2021:E:f4560ef1ccff,2021,E,2021-E,attachment,no,papers/problems/2021/E/附件1：UWB数据集/附件1：UWB数据集/异常数据/303.异常.txt,txt,47298,98decc9f042eff5b13c74ca4bfa6d6f73f360272a56971d530be99c3020725f5,text_or_domain_data,unchecked,
problem:2021:E:195b498c8803,2021,E,2021-E,attachment,no,papers/problems/2021/E/附件1：UWB数据集/附件1：UWB数据集/异常数据/304.异常.txt,txt,36874,0e047fa10f56e3d3b1365c75a3a9d4067c0e21b8f655474ad8f73994efb5e8d1,text_or_domain_data,unchecked,
problem:2021:E:0ab52c4e6041,2021,E,2021-E,attachment,no,papers/problems/2021/E/附件1：UWB数据集/附件1：UWB数据集/异常数据/305.异常.txt,txt,46190,9f0a7945e88af70572f3274a755accb49463ee058e45268b39ee0b132dcd0e3e,text_or_domain_data,unchecked,
problem:2021:E:5f792c9c5874,2021,E,2021-E,attachment,no,papers/problems/2021/E/附件1：UWB数据集/附件1：UWB数据集/异常数据/306.异常.txt,txt,45438,d93baef5f83bcef72d802b9da1e57978ea0da1e5594dea649d8d511d98a21f1a,text_or_domain_data,unchecked,
problem:2021:E:74de08b4de93,2021,E,2021-E,attachment,no,papers/problems/2021/E/附件1：UWB数据集/附件1：UWB数据集/异常数据/307.异常.txt,txt,48574,2349783dc9804ab738dfdc2f5a2eba0212adacfaff8abc284dffaf49fa6fcaf0,text_or_domain_data,unchecked,
problem:2021:E:ba80b4f9f04e,2021,E,2021-E,attachment,no,papers/problems/2021/E/附件1：UWB数据集/附件1：UWB数据集/异常数据/308.异常.txt,txt,37462,1cd2473ff184965a5d43f0e746df3e61e3014cae00dd18f6c7720f5bafb4a281,text_or_domain_data,unchecked,
problem:2021:E:6274e2939bc0,2021,E,2021-E,attachment,no,papers/problems/2021/E/附件1：UWB数据集/附件1：UWB数据集/异常数据/309.异常.txt,txt,37366,770dc5958c33408f837da69c857423adb690d61061a1db9b83fffe240e91cebf,text_or_domain_data,unchecked,
problem:2021:E:a1a4afab1795,2021,E,2021-E,attachment,no,papers/problems/2021/E/附件1：UWB数据集/附件1：UWB数据集/异常数据/31.异常.txt,txt,33062,d9ae27a4aa143a2578e0d41c53495f0779923d91c7933115b63886f934f1d158,text_or_domain_data,unchecked,
problem:2021:E:f4dd97ed7fbe,2021,E,2021-E,attachment,no,papers/problems/2021/E/附件1：UWB数据集/附件1：UWB数据集/异常数据/310.异常.txt,txt,36478,8f91503616eaa57dd0a31e66aa1c8d8a4dc19cc7ed3f92fd73c2562898d5e437,text_or_domain_data,unchecked,
problem:2021:E:b15a6ce5f082,2021,E,2021-E,attachment,no,papers/problems/2021/E/附件1：UWB数据集/附件1：UWB数据集/异常数据/311.异常.txt,txt,34970,4c3e81244c85950590845a40d234cad372a0c975c8c4d3cc9715945e7722622f,text_or_domain_data,unchecked,
problem:2021:E:e5524b45ace5,2021,E,2021-E,attachment,no,papers/problems/2021/E/附件1：UWB数据集/附件1：UWB数据集/异常数据/312.异常.txt,txt,35518,3da32fa612e7b64f6fa32ba71751018e30c0dd5332a15f58aa0ba3e094b10a93,text_or_domain_data,unchecked,
problem:2021:E:da76f59762d1,2021,E,2021-E,attachment,no,papers/problems/2021/E/附件1：UWB数据集/附件1：UWB数据集/异常数据/313.异常.txt,txt,39410,5effc8ba69a368667c1768ce8a5191bb247becfbe66a097278ba24e2947009fe,text_or_domain_data,unchecked,
problem:2021:E:8a6e822ec4e8,2021,E,2021-E,attachment,no,papers/problems/2021/E/附件1：UWB数据集/附件1：UWB数据集/异常数据/314.异常.txt,txt,37070,bcb5f48963ce30d1baef838f3fcb10e866e516f07727a5e7dac14c2dc4fcbbe5,text_or_domain_data,unchecked,
problem:2021:E:caefbd24220a,2021,E,2021-E,attachment,no,papers/problems/2021/E/附件1：UWB数据集/附件1：UWB数据集/异常数据/315.异常.txt,txt,41270,2688cd905b892daf2f4113fc08b7ae4cc6eee88c33bb3d19194ee8a7d78769fe,text_or_domain_data,unchecked,
problem:2021:E:8c78ff221fd1,2021,E,2021-E,attachment,no,papers/problems/2021/E/附件1：UWB数据集/附件1：UWB数据集/异常数据/316.异常.txt,txt,43436,a6c7182886070149f2ba11aa50590ea2bf0b69fe275c048ff15a9971a6eb2c17,text_or_domain_data,unchecked,
problem:2021:E:f022082b51b3,2021,E,2021-E,attachment,no,papers/problems/2021/E/附件1：UWB数据集/附件1：UWB数据集/异常数据/317.异常.txt,txt,37834,b9ee9d0c490fcda6881ae8914f14c891347b7ebbd145df29afdb3890a2d14f0f,text_or_domain_data,unchecked,
problem:2021:E:bc6a702ba903,2021,E,2021-E,attachment,no,papers/problems/2021/E/附件1：UWB数据集/附件1：UWB数据集/异常数据/318.异常.txt,txt,39622,2dd280d19485ebb512b9c9a0a353ab9e3dd9accd703a191e2212a84f3964c321,text_or_domain_data,unchecked,
problem:2021:E:4cde35e8650e,2021,E,2021-E,attachment,no,papers/problems/2021/E/附件1：UWB数据集/附件1：UWB数据集/异常数据/319.异常.txt,txt,39258,6fcc8edece54b779535a4ebfa9f7343f1f47183f25460d0182b2ca300779d80b,text_or_domain_data,unchecked,
problem:2021:E:d1e231a51a7d,2021,E,2021-E,attachment,no,papers/problems/2021/E/附件1：UWB数据集/附件1：UWB数据集/异常数据/32.异常.txt,txt,32634,cf611c0ee5e01a8c38110af0ce7763b0ded27c7363af1b87c44e0cc011fc07dc,text_or_domain_data,unchecked,
problem:2021:E:9ded24a911b1,2021,E,2021-E,attachment,no,papers/problems/2021/E/附件1：UWB数据集/附件1：UWB数据集/异常数据/320.异常.txt,txt,34046,bc084de18ac3dd1a845d722e098b4a0e4c688e42976ec531d19d93d3b7ba499c,text_or_domain_data,unchecked,
problem:2021:E:e078bb383df3,2021,E,2021-E,attachment,no,papers/problems/2021/E/附件1：UWB数据集/附件1：UWB数据集/异常数据/321.异常.txt,txt,36278,9bb86cca41c75d48d8f009201a1f8328f8e2a8e70c916946a0815f0d1242bb9c,text_or_domain_data,unchecked,
problem:2021:E:8dff5e6deac6,2021,E,2021-E,attachment,no,papers/problems/2021/E/附件1：UWB数据集/附件1：UWB数据集/异常数据/322.异常.txt,txt,37666,a6900a76eb02e323eb82786deb2264c34f02210676dc2aee479e6f0c32dd5ef2,text_or_domain_data,unchecked,
problem:2021:E:e0a53901f53c,2021,E,2021-E,attachment,no,papers/problems/2021/E/附件1：UWB数据集/附件1：UWB数据集/异常数据/323.异常.txt,txt,40610,149e55e3aa09623603b58b851cdd7db86030dbad78ae179c829ae0468b6fb9af,text_or_domain_data,unchecked,
problem:2021:E:9828450553db,2021,E,2021-E,attachment,no,papers/problems/2021/E/附件1：UWB数据集/附件1：UWB数据集/异常数据/324.异常.txt,txt,42414,fc9e7b03a104a383c87c5ee182625c624cbbe55a0b29adbf919eff48403f51d4,text_or_domain_data,unchecked,
problem:2021:E:d310333826f2,2021,E,2021-E,attachment,no,papers/problems/2021/E/附件1：UWB数据集/附件1：UWB数据集/异常数据/33.异常.txt,txt,41682,5af4f2ef9172e80e4c0ccf7fbea3958d75a6277144a9394627202de0692dd2a4,text_or_domain_data,unchecked,
problem:2021:E:b6316cea0270,2021,E,2021-E,attachment,no,papers/problems/2021/E/附件1：UWB数据集/附件1：UWB数据集/异常数据/34.异常.txt,txt,28750,e3531582442198d1b78b59cad3df94a5bded689e27ec973358d18a248a8d27be,text_or_domain_data,unchecked,
problem:2021:E:b32289144c24,2021,E,2021-E,attachment,no,papers/problems/2021/E/附件1：UWB数据集/附件1：UWB数据集/异常数据/35.异常.txt,txt,32110,1804a3da15545f873ea39b941ba3a7a4eeb737674187864677df864882602085,text_or_domain_data,unchecked,
problem:2021:E:12ee1c2d44d2,2021,E,2021-E,attachment,no,papers/problems/2021/E/附件1：UWB数据集/附件1：UWB数据集/异常数据/36.异常.txt,txt,61046,5434c178129926579e52e2bfde5ba32d45ab8b661438c4edf7e057d2a6b7ce6a,text_or_domain_data,unchecked,
problem:2021:E:2014840c13e4,2021,E,2021-E,attachment,no,papers/problems/2021/E/附件1：UWB数据集/附件1：UWB数据集/异常数据/37.异常.txt,txt,25590,a2d2a00ae6c62f5e378a0216ffeadf9c3e07db7fbfff933f4b037097b36ad461,text_or_domain_data,unchecked,
problem:2021:E:761b56b70493,2021,E,2021-E,attachment,no,papers/problems/2021/E/附件1：UWB数据集/附件1：UWB数据集/异常数据/38.异常.txt,txt,30314,7613ab8cc2b2f42fc714f04b2d090d11df5816623f6fa1dbee4a2caaa9fa33e6,text_or_domain_data,unchecked,
problem:2021:E:da105394d7f1,2021,E,2021-E,attachment,no,papers/problems/2021/E/附件1：UWB数据集/附件1：UWB数据集/异常数据/39.异常.txt,txt,25494,db1e98116efa3357b9f52ea917b6b5c2d6a90b681955e75f712104d2617358b5,text_or_domain_data,unchecked,
problem:2021:E:ef103c4e768d,2021,E,2021-E,attachment,no,papers/problems/2021/E/附件1：UWB数据集/附件1：UWB数据集/异常数据/4.异常.txt,txt,30830,274c2b133fecb07660c4c60319bff666323b5a11fdd0895a9bd154c5e401851c,text_or_domain_data,unchecked,
problem:2021:E:61c776d930bb,2021,E,2021-E,attachment,no,papers/problems/2021/E/附件1：UWB数据集/附件1：UWB数据集/异常数据/40.异常.txt,txt,34322,e5f60176388402796abf2823712297a88280af28fdb005e5fea9d3bc28eab3d8,text_or_domain_data,unchecked,
problem:2021:E:c1148fab3571,2021,E,2021-E,attachment,no,papers/problems/2021/E/附件1：UWB数据集/附件1：UWB数据集/异常数据/41.异常.txt,txt,22858,ba48abfe9a82f3c521bde30a5a6ef9d59ed09ee5b26147059765e7883f66b89b,text_or_domain_data,unchecked,
problem:2021:E:79823d7e9217,2021,E,2021-E,attachment,no,papers/problems/2021/E/附件1：UWB数据集/附件1：UWB数据集/异常数据/42.异常.txt,txt,27950,2d0946c260ae9913470b2692cbed334a5bf88b42ff6df4a98462eef095cae54c,text_or_domain_data,unchecked,
problem:2021:E:c5dbca26bc16,2021,E,2021-E,attachment,no,papers/problems/2021/E/附件1：UWB数据集/附件1：UWB数据集/异常数据/43.异常.txt,txt,31698,4bd9dd85d3978d4df6539d912ac98881b53d2f5f5d5916771bbef219da81c877,text_or_domain_data,unchecked,
problem:2021:E:24351355d8ff,2021,E,2021-E,attachment,no,papers/problems/2021/E/附件1：UWB数据集/附件1：UWB数据集/异常数据/44.异常.txt,txt,37310,1e69c1850053ddc7429e21947eb35b27612ffad02d2752a4ee3a9e1d72328cf4,text_or_domain_data,unchecked,
problem:2021:E:e5ffbe3d8377,2021,E,2021-E,attachment,no,papers/problems/2021/E/附件1：UWB数据集/附件1：UWB数据集/异常数据/45.异常.txt,txt,24362,513cf230849ebbea12e296dac056ec68a679548cba0a679f9a0e9bbeaf3afcd3,text_or_domain_data,unchecked,
problem:2021:E:43fac80530d5,2021,E,2021-E,attachment,no,papers/problems/2021/E/附件1：UWB数据集/附件1：UWB数据集/异常数据/46.异常.txt,txt,26918,84d32e896bc195e54c04737285bce360a96062fb2b6058496722f0984704a044,text_or_domain_data,unchecked,
problem:2021:E:980f94d7d8bd,2021,E,2021-E,attachment,no,papers/problems/2021/E/附件1：UWB数据集/附件1：UWB数据集/异常数据/47.异常.txt,txt,32478,5219b5b37896ac6631fb2c0ea6013c7a28f1e289c508b58cc14d35ef6308a20d,text_or_domain_data,unchecked,
problem:2021:E:d6062eace579,2021,E,2021-E,attachment,no,papers/problems/2021/E/附件1：UWB数据集/附件1：UWB数据集/异常数据/48.异常.txt,txt,32186,c51ad511b1e269c646d768a3a47afd14bc70befefd6dc35ede98fb1aa13ad242,text_or_domain_data,unchecked,
problem:2021:E:1791e7145fbb,2021,E,2021-E,attachment,no,papers/problems/2021/E/附件1：UWB数据集/附件1：UWB数据集/异常数据/49.异常.txt,txt,32790,d1ff7ec8661de1d51c2d4440019c3ce6383d489fc10f883958b7c32e3ae00ed1,text_or_domain_data,unchecked,
problem:2021:E:0dc3de4a7198,2021,E,2021-E,attachment,no,papers/problems/2021/E/附件1：UWB数据集/附件1：UWB数据集/异常数据/5.异常.txt,txt,36374,579328129ed68a59bef978b376368b53bbc4fa87ed833cb8f7b8a41f2426599e,text_or_domain_data,unchecked,
problem:2021:E:f731ead20563,2021,E,2021-E,attachment,no,papers/problems/2021/E/附件1：UWB数据集/附件1：UWB数据集/异常数据/50.异常.txt,txt,36346,cd29e6ae97496910cc036b4dbafc6fd173dc38036d3eadbec46a333ad7275a32,text_or_domain_data,unchecked,
problem:2021:E:5ab30e817a04,2021,E,2021-E,attachment,no,papers/problems/2021/E/附件1：UWB数据集/附件1：UWB数据集/异常数据/51.异常.txt,txt,23950,249e295e9341855b9dca392278a4586aa6136f3a8af1d54f036170e5c1b5d0a7,text_or_domain_data,unchecked,
problem:2021:E:3dd55abc48e0,2021,E,2021-E,attachment,no,papers/problems/2021/E/附件1：UWB数据集/附件1：UWB数据集/异常数据/52.异常.txt,txt,24590,6a6d6a2858ebe0d486a3522ddb7d27ec734dc77cd33f748976f0c4180b909d8c,text_or_domain_data,unchecked,
problem:2021:E:0e2cb56a3ec8,2021,E,2021-E,attachment,no,papers/problems/2021/E/附件1：UWB数据集/附件1：UWB数据集/异常数据/53.异常.txt,txt,23950,d2e95c75f3ae1f490aecae911832bfc094417c83339f40e13f287ee84655b84e,text_or_domain_data,unchecked,
problem:2021:E:881732273cb1,2021,E,2021-E,attachment,no,papers/problems/2021/E/附件1：UWB数据集/附件1：UWB数据集/异常数据/54.异常.txt,txt,27646,2f60c7d32bc406daeb42d575ba9bfe4d3572997c8f5e40fc4edb54c38faf1300,text_or_domain_data,unchecked,
problem:2021:E:a7851161ab6d,2021,E,2021-E,attachment,no,papers/problems/2021/E/附件1：UWB数据集/附件1：UWB数据集/异常数据/55.异常.txt,txt,26522,fa3ee584437918adde35096698318760eb652bb166a7ae8bdce96be2b5875f3e,text_or_domain_data,unchecked,
problem:2021:E:f15e98ec279f,2021,E,2021-E,attachment,no,papers/problems/2021/E/附件1：UWB数据集/附件1：UWB数据集/异常数据/56.异常.txt,txt,26274,0c03304b965f4db30196d585681c182219229a398157d6468a6bebaf6dae7a8e,text_or_domain_data,unchecked,
problem:2021:E:47be6318829e,2021,E,2021-E,attachment,no,papers/problems/2021/E/附件1：UWB数据集/附件1：UWB数据集/异常数据/57.异常.txt,txt,28458,7b3c20940fc10f9633709b0d5edd545bda31f39b9c7f18b8175aeddaa294fc83,text_or_domain_data,unchecked,
problem:2021:E:4e8913e2b0cd,2021,E,2021-E,attachment,no,papers/problems/2021/E/附件1：UWB数据集/附件1：UWB数据集/异常数据/58.异常.txt,txt,34662,017dd01e99f629ca19196101cd9ea3f83edf21444c024c870af972bc174cef55,text_or_domain_data,unchecked,
problem:2021:E:0548e7895571,2021,E,2021-E,attachment,no,papers/problems/2021/E/附件1：UWB数据集/附件1：UWB数据集/异常数据/59.异常.txt,txt,25174,9011f2a8161fc50420b193401374eeb8b0812d177013166d40d0e1985508b924,text_or_domain_data,unchecked,
problem:2021:E:35b8bd3a2e78,2021,E,2021-E,attachment,no,papers/problems/2021/E/附件1：UWB数据集/附件1：UWB数据集/异常数据/6.异常.txt,txt,40346,821cfdead3571b43f776435e5746f38cb74d95276ff1999780f141e0829863ca,text_or_domain_data,unchecked,
problem:2021:E:1b1f50bf9b8d,2021,E,2021-E,attachment,no,papers/problems/2021/E/附件1：UWB数据集/附件1：UWB数据集/异常数据/60.异常.txt,txt,25326,e2dbf2357a5ae8777895ee6ace377e6739f5c46272f0305c0a9cab190087137f,text_or_domain_data,unchecked,
problem:2021:E:39f7d7338b2d,2021,E,2021-E,attachment,no,papers/problems/2021/E/附件1：UWB数据集/附件1：UWB数据集/异常数据/61.异常.txt,txt,25952,e7d0789180711a7c5b452d9c0ce177752b30cf23e7a252fa64506c65af2fe23d,text_or_domain_data,unchecked,
problem:2021:E:c4bdd364df33,2021,E,2021-E,attachment,no,papers/problems/2021/E/附件1：UWB数据集/附件1：UWB数据集/异常数据/62.异常.txt,txt,26110,77429e200cf7011dadec354764b9f9e755336c9cce67d4bb2bfd2638fd958c67,text_or_domain_data,unchecked,
problem:2021:E:668a1dd0cde9,2021,E,2021-E,attachment,no,papers/problems/2021/E/附件1：UWB数据集/附件1：UWB数据集/异常数据/63.异常.txt,txt,29178,ef134c05b9946981e0db01b030b569b24f9e4b6617bf6c73e1e0b1c6b87cac9c,text_or_domain_data,unchecked,
problem:2021:E:9a823d936274,2021,E,2021-E,attachment,no,papers/problems/2021/E/附件1：UWB数据集/附件1：UWB数据集/异常数据/64.异常.txt,txt,30550,cf1fbeec6a456a0435bb2e1c34462d3abff245468f7f8396bf56fd465c3b4994,text_or_domain_data,unchecked,
problem:2021:E:3ca3fc29d9d0,2021,E,2021-E,attachment,no,papers/problems/2021/E/附件1：UWB数据集/附件1：UWB数据集/异常数据/65.异常.txt,txt,26014,e8ef9326b3e35e7543f3ad2aa6fe2b702d36b9134fbacc2adc31083485c24055,text_or_domain_data,unchecked,
problem:2021:E:fbbe04de9337,2021,E,2021-E,attachment,no,papers/problems/2021/E/附件1：UWB数据集/附件1：UWB数据集/异常数据/66.异常.txt,txt,34356,7dc63294d26ba668d5daa4e042bff04ea49155553a85b1f8eff56ea971fa385a,text_or_domain_data,unchecked,
problem:2021:E:ce5c0bb1b5b1,2021,E,2021-E,attachment,no,papers/problems/2021/E/附件1：UWB数据集/附件1：UWB数据集/异常数据/67.异常.txt,txt,19286,aa3a686be929f252eb7a34de6c68b68fbbec20ac7db16aabecd141a21f862380,text_or_domain_data,unchecked,
problem:2021:E:4edabb3dd087,2021,E,2021-E,attachment,no,papers/problems/2021/E/附件1：UWB数据集/附件1：UWB数据集/异常数据/68.异常.txt,txt,28750,ff06259ce9a6a8d34a465148ee864ad76fb7eae42a2bb2697929d97c18a662ea,text_or_domain_data,unchecked,
problem:2021:E:28dbbef02e4e,2021,E,2021-E,attachment,no,papers/problems/2021/E/附件1：UWB数据集/附件1：UWB数据集/异常数据/69.异常.txt,txt,38406,59cd622bf309e239a9cd942e722ce6210c36e97009382e8cef81a31b0a1090d9,text_or_domain_data,unchecked,
problem:2021:E:f4dc5b655ed8,2021,E,2021-E,attachment,no,papers/problems/2021/E/附件1：UWB数据集/附件1：UWB数据集/异常数据/7.异常.txt,txt,42770,9b133c0cc47ab6017ab86896df5d9d93ae25e0274610151b747931e90fb7d596,text_or_domain_data,unchecked,
problem:2021:E:5d93f4600b84,2021,E,2021-E,attachment,no,papers/problems/2021/E/附件1：UWB数据集/附件1：UWB数据集/异常数据/70.异常.txt,txt,22186,3e40b2a0fb165aab9ed1892f7e1076a657e9b818acd9cdb24fa20de59c8324e9,text_or_domain_data,unchecked,
problem:2021:E:e5ae0527c786,2021,E,2021-E,attachment,no,papers/problems/2021/E/附件1：UWB数据集/附件1：UWB数据集/异常数据/71.异常.txt,txt,31310,78e9ed0d41b8af64c21f8755caca464386ea036445d4c7f9e28a278eb7962f4b,text_or_domain_data,unchecked,
problem:2021:E:e996b76f219d,2021,E,2021-E,attachment,no,papers/problems/2021/E/附件1：UWB数据集/附件1：UWB数据集/异常数据/72.异常.txt,txt,24682,39381d87211b5bf1de1206027b125601369f01530f6ca468e427c893dda3837a,text_or_domain_data,unchecked,
problem:2021:E:618b526372a9,2021,E,2021-E,attachment,no,papers/problems/2021/E/附件1：UWB数据集/附件1：UWB数据集/异常数据/73.异常.txt,txt,30138,2de1ab80ed595141b409cc5e5bdcf407f7bfb535fac7fe835a293cd957b717e5,text_or_domain_data,unchecked,
problem:2021:E:e44d60be1fef,2021,E,2021-E,attachment,no,papers/problems/2021/E/附件1：UWB数据集/附件1：UWB数据集/异常数据/74.异常.txt,txt,39030,919a5063a346cc1c5dd6d2bab1afa8e1093aecc6368330b304956fa76ca1968a,text_or_domain_data,unchecked,
problem:2021:E:214f0361b2e4,2021,E,2021-E,attachment,no,papers/problems/2021/E/附件1：UWB数据集/附件1：UWB数据集/异常数据/75.异常.txt,txt,22094,79416e30b798e1e6d53cb14a0b064c3479936161c2b7b3e85dea5580c15dae02,text_or_domain_data,unchecked,
problem:2021:E:5d76f3dbcb6a,2021,E,2021-E,attachment,no,papers/problems/2021/E/附件1：UWB数据集/附件1：UWB数据集/异常数据/76.异常.txt,txt,16770,b33e422f0686f94cb84a668a55fd258ec5add8184840575cca95c5c4884288b9,text_or_domain_data,unchecked,
problem:2021:E:943ce3fdb158,2021,E,2021-E,attachment,no,papers/problems/2021/E/附件1：UWB数据集/附件1：UWB数据集/异常数据/77.异常.txt,txt,26670,6a024839d7b908b814ab04c730d7f68d6af3e15471391716f9409e1c84f752d7,text_or_domain_data,unchecked,
problem:2021:E:6bad5a7ecb91,2021,E,2021-E,attachment,no,papers/problems/2021/E/附件1：UWB数据集/附件1：UWB数据集/异常数据/78.异常.txt,txt,25398,d4101db5454ae294b5a20506ae8d7f35828a7659674308e5b752bf495f36b139,text_or_domain_data,unchecked,
problem:2021:E:df987d0099da,2021,E,2021-E,attachment,no,papers/problems/2021/E/附件1：UWB数据集/附件1：UWB数据集/异常数据/79.异常.txt,txt,19954,cda90bc953b6ba2d35d2147a8b79de5bdfa46ecf9b12d3bd4db9fd22ac64c45f,text_or_domain_data,unchecked,
problem:2021:E:a78c6928f3c2,2021,E,2021-E,attachment,no,papers/problems/2021/E/附件1：UWB数据集/附件1：UWB数据集/异常数据/8.异常.txt,txt,47990,832bfd249788027e9c202765789ff5abdd330648254534aac06ed81b02eedaff,text_or_domain_data,unchecked,
problem:2021:E:cca2e5369971,2021,E,2021-E,attachment,no,papers/problems/2021/E/附件1：UWB数据集/附件1：UWB数据集/异常数据/80.异常.txt,txt,22670,d36d4d0ba95dc9f2747e4fe5abb7656a4fa42ba054dee617c952a8012d8be0cf,text_or_domain_data,unchecked,
problem:2021:E:8c73695f4af2,2021,E,2021-E,attachment,no,papers/problems/2021/E/附件1：UWB数据集/附件1：UWB数据集/异常数据/81.异常.txt,txt,25986,fc6177315af7e02077cb729940e1d0bee418e7349cf214d7ef164ffa02239d23,text_or_domain_data,unchecked,
problem:2021:E:054a02087891,2021,E,2021-E,attachment,no,papers/problems/2021/E/附件1：UWB数据集/附件1：UWB数据集/异常数据/82.异常.txt,txt,27860,baeeee7a38a06bcc7f6dd5c605360be3f40b062107fbce515b0644a095d5855b,text_or_domain_data,unchecked,
problem:2021:E:595135ecb4e3,2021,E,2021-E,attachment,no,papers/problems/2021/E/附件1：UWB数据集/附件1：UWB数据集/异常数据/83.异常.txt,txt,33116,8edd97a57f967a5fd464cbd0ad1c164cbf01d1f2f64826b66fe8e4c3f35046ee,text_or_domain_data,unchecked,
problem:2021:E:ee9d926d6de5,2021,E,2021-E,attachment,no,papers/problems/2021/E/附件1：UWB数据集/附件1：UWB数据集/异常数据/84.异常.txt,txt,33486,72dc8bc14d166fa0298cdb4ee1a43feeb7f100b6df19e6fb7a3bfd41cef0e0b7,text_or_domain_data,unchecked,
problem:2021:E:2689065b4daa,2021,E,2021-E,attachment,no,papers/problems/2021/E/附件1：UWB数据集/附件1：UWB数据集/异常数据/85.异常.txt,txt,35942,7fe7e750f341a83e90dcc30526ebe5445f390839a5a1491a5683dd8d348374df,text_or_domain_data,unchecked,
problem:2021:E:818df3c95485,2021,E,2021-E,attachment,no,papers/problems/2021/E/附件1：UWB数据集/附件1：UWB数据集/异常数据/86.异常.txt,txt,42126,b0228b62e68ce765500f1cf266bdb9cda31176bb32d4e511cc4e68bc0cc26336,text_or_domain_data,unchecked,
problem:2021:E:63d040923854,2021,E,2021-E,attachment,no,papers/problems/2021/E/附件1：UWB数据集/附件1：UWB数据集/异常数据/87.异常.txt,txt,40662,43cf198d151168444ce6cfa1b02be6f4e9543023f38ad0133f073c802ac7277b,text_or_domain_data,unchecked,
problem:2021:E:e8629ded250e,2021,E,2021-E,attachment,no,papers/problems/2021/E/附件1：UWB数据集/附件1：UWB数据集/异常数据/88.异常.txt,txt,35334,d1e38cbcfe874c7b6bf6380c5b18e90bb920131162b3989fb34fa15958585bcd,text_or_domain_data,unchecked,
problem:2021:E:52e505fb4500,2021,E,2021-E,attachment,no,papers/problems/2021/E/附件1：UWB数据集/附件1：UWB数据集/异常数据/89.异常.txt,txt,38946,8d2883980dca4f9436363475de7137318c68481ceb30b0fb1257fe64925917cd,text_or_domain_data,unchecked,
problem:2021:E:338e7a2c6daa,2021,E,2021-E,attachment,no,papers/problems/2021/E/附件1：UWB数据集/附件1：UWB数据集/异常数据/9.异常.txt,txt,47210,8d7afa98e01125b538f72a66d0256a3b399d8a956534d4e1f72de8ea151bd715,text_or_domain_data,unchecked,
problem:2021:E:978112afe12e,2021,E,2021-E,attachment,no,papers/problems/2021/E/附件1：UWB数据集/附件1：UWB数据集/异常数据/90.异常.txt,txt,39224,20cd700c3d38f6ec9ded80bdebf026993f1a66ed31b10a02935fa000672b77df,text_or_domain_data,unchecked,
problem:2021:E:426e7eca692d,2021,E,2021-E,attachment,no,papers/problems/2021/E/附件1：UWB数据集/附件1：UWB数据集/异常数据/91.异常.txt,txt,54342,5979c4463a6e91c23ace4c9da01468eefd09ec319a1737fce9bf7d444b2f185b,text_or_domain_data,unchecked,
problem:2021:E:eba3ba0a7b03,2021,E,2021-E,attachment,no,papers/problems/2021/E/附件1：UWB数据集/附件1：UWB数据集/异常数据/92.异常.txt,txt,37890,298d54bc9ec00ccedd767d9b492c54794c80063607ea278d84648f98fba389ca,text_or_domain_data,unchecked,
problem:2021:E:4683ec595c07,2021,E,2021-E,attachment,no,papers/problems/2021/E/附件1：UWB数据集/附件1：UWB数据集/异常数据/93.异常.txt,txt,52018,6e29822c18bd21e9b6a8554484e4de2e9b86a3b8429882bedb349e436d1bb9fa,text_or_domain_data,unchecked,
problem:2021:E:40445998be1f,2021,E,2021-E,attachment,no,papers/problems/2021/E/附件1：UWB数据集/附件1：UWB数据集/异常数据/94.异常.txt,txt,39470,7597da0124a5febaae35a17927576e06e6bd93fb1c3176ae3421a2718c4b1a8e,text_or_domain_data,unchecked,
problem:2021:E:63d78be08bdd,2021,E,2021-E,attachment,no,papers/problems/2021/E/附件1：UWB数据集/附件1：UWB数据集/异常数据/95.异常.txt,txt,39010,41a05a45f618a9a4eadf2f2e21613141244f8a6b7d49a81a0f57356fa7f37497,text_or_domain_data,unchecked,
problem:2021:E:012b1663fcf4,2021,E,2021-E,attachment,no,papers/problems/2021/E/附件1：UWB数据集/附件1：UWB数据集/异常数据/96.异常.txt,txt,43066,b4c98ed433b85c946f5e8afbe22d4ad2cfe668bd6edae1e1b8d36a2d58a15b9e,text_or_domain_data,unchecked,
problem:2021:E:ac845f735116,2021,E,2021-E,attachment,no,papers/problems/2021/E/附件1：UWB数据集/附件1：UWB数据集/异常数据/97.异常.txt,txt,42302,f17f26d13ea84cdcaaf6dffb1d8bab2ae1d1d7363ae88dcc83055e46c28345aa,text_or_domain_data,unchecked,
problem:2021:E:7a7d5f3646a2,2021,E,2021-E,attachment,no,papers/problems/2021/E/附件1：UWB数据集/附件1：UWB数据集/异常数据/98.异常.txt,txt,53634,b5e389ed60aab28d1d28fa2f93cf0b53cd380aecfbe30f5ccc98656506dd2d72,text_or_domain_data,unchecked,
problem:2021:E:6de4776eb685,2021,E,2021-E,attachment,no,papers/problems/2021/E/附件1：UWB数据集/附件1：UWB数据集/异常数据/99.异常.txt,txt,58088,40160ec0eba5ff45d9c82c5d4ea7dd0abf019fd62c7d6e2d0e5ca51034216fa7,text_or_domain_data,unchecked,
problem:2021:E:8f6721e54b88,2021,E,2021-E,attachment,no,papers/problems/2021/E/附件1：UWB数据集/附件1：UWB数据集/正常数据/1.正常.txt,txt,56972,4fa6857832bfa2dc9bb38d32382ff1328557906f600e9052be2cf23cad6b7d3f,text_or_domain_data,unchecked,
problem:2021:E:7b3dd06e5650,2021,E,2021-E,attachment,no,papers/problems/2021/E/附件1：UWB数据集/附件1：UWB数据集/正常数据/10.正常.txt,txt,40034,3742ba55532796e71855ff29b93e966f450bda209a75bfca7bc2c4d80fc12058,text_or_domain_data,unchecked,
problem:2021:E:2aa0fa52e79d,2021,E,2021-E,attachment,no,papers/problems/2021/E/附件1：UWB数据集/附件1：UWB数据集/正常数据/100.正常.txt,txt,36222,f44ba0cd6ea4e2390e7b1c4d6604d7645c2104fe611f390c524d631260c38bf8,text_or_domain_data,unchecked,
problem:2021:E:c9773080282d,2021,E,2021-E,attachment,no,papers/problems/2021/E/附件1：UWB数据集/附件1：UWB数据集/正常数据/101.正常.txt,txt,45866,96400cd037e590d709d11f9fdcb2cf652647ead8599f019f86ccb3a577b959cb,text_or_domain_data,unchecked,
problem:2021:E:eeedc7b35fd5,2021,E,2021-E,attachment,no,papers/problems/2021/E/附件1：UWB数据集/附件1：UWB数据集/正常数据/102.正常.txt,txt,55386,ab9f037591d5a6677c5823d9668cfcb13ab39ffab30f362b12a918bbcd8e996d,text_or_domain_data,unchecked,
problem:2021:E:ce0134465983,2021,E,2021-E,attachment,no,papers/problems/2021/E/附件1：UWB数据集/附件1：UWB数据集/正常数据/103.正常.txt,txt,52906,ecdb4babefbc29436aead430f7c0513dfca075914d988f9bc7205ccb997eed3f,text_or_domain_data,unchecked,
problem:2021:E:a5abf580f8a3,2021,E,2021-E,attachment,no,papers/problems/2021/E/附件1：UWB数据集/附件1：UWB数据集/正常数据/104.正常.txt,txt,54598,207108868f7525676fd504c279872d4b678c2fb64fd9da933423768994a61922,text_or_domain_data,unchecked,
problem:2021:E:c6b12af8ad5f,2021,E,2021-E,attachment,no,papers/problems/2021/E/附件1：UWB数据集/附件1：UWB数据集/正常数据/105.正常.txt,txt,59042,1e6ea14cd62418174584f3d59659aa94960ae5f59bac9aac486771fe31cc6d00,text_or_domain_data,unchecked,
problem:2021:E:8fbfaf4ac71c,2021,E,2021-E,attachment,no,papers/problems/2021/E/附件1：UWB数据集/附件1：UWB数据集/正常数据/106.正常.txt,txt,41214,17efcc233f98a686a8b05d2f8a8ebb86c768f8705e1bddf1b96cce4ef4e050f2,text_or_domain_data,unchecked,
problem:2021:E:9fc2d05a01b4,2021,E,2021-E,attachment,no,papers/problems/2021/E/附件1：UWB数据集/附件1：UWB数据集/正常数据/107.正常.txt,txt,33550,bfd685b8ab0ff3d2065ad0ce7383961ba96f603ee4ef42301efc96df185bc4ca,text_or_domain_data,unchecked,
problem:2021:E:865fb34bbc93,2021,E,2021-E,attachment,no,papers/problems/2021/E/附件1：UWB数据集/附件1：UWB数据集/正常数据/108.正常.txt,txt,37938,fcd1d40283abda903c0de31200f017951972e3113eb49485b5c593e07ae3f954,text_or_domain_data,unchecked,
problem:2021:E:b2fa48addd34,2021,E,2021-E,attachment,no,papers/problems/2021/E/附件1：UWB数据集/附件1：UWB数据集/正常数据/109.正常.txt,txt,41422,786081f5b7972c3fbbba3cc850f954f17318ba76635eb837fb2b6942aceefe90,text_or_domain_data,unchecked,
problem:2021:E:156c0bb38618,2021,E,2021-E,attachment,no,papers/problems/2021/E/附件1：UWB数据集/附件1：UWB数据集/正常数据/11.正常.txt,txt,36758,f4e4dc7e0d247662026e3205a911dcfa3a7da9c7a4afe692a7591472c2b469cc,text_or_domain_data,unchecked,
problem:2021:E:ea4285ab5333,2021,E,2021-E,attachment,no,papers/problems/2021/E/附件1：UWB数据集/附件1：UWB数据集/正常数据/110.正常.txt,txt,38498,3dc9752f7b7e06c76137dd0db2b70353973a63ab49ca13e95499d10cfcb76abd,text_or_domain_data,unchecked,
problem:2021:E:e7e2a7a5d90f,2021,E,2021-E,attachment,no,papers/problems/2021/E/附件1：UWB数据集/附件1：UWB数据集/正常数据/111.正常.txt,txt,56054,9d40f071941a98c5e34079239f06a4ab5707d439018675659bf6e51505db2bab,text_or_domain_data,unchecked,
problem:2021:E:f6090720c450,2021,E,2021-E,attachment,no,papers/problems/2021/E/附件1：UWB数据集/附件1：UWB数据集/正常数据/112.正常.txt,txt,45470,8781ef73d3fd35629ef47949a1990fbd1fb39cf2bafc17f3aaefc9b16a338332,text_or_domain_data,unchecked,
problem:2021:E:d3206e7d772b,2021,E,2021-E,attachment,no,papers/problems/2021/E/附件1：UWB数据集/附件1：UWB数据集/正常数据/113.正常.txt,txt,41282,31c0512904f2483eba3db984477bff008c2bc69f8415027fd5cf2baa245d41f0,text_or_domain_data,unchecked,
problem:2021:E:0e6546f14055,2021,E,2021-E,attachment,no,papers/problems/2021/E/附件1：UWB数据集/附件1：UWB数据集/正常数据/114.正常.txt,txt,43954,ee43ca43f789f3ff1f1fa9c501b982901e5d5311ba1df80ac8b257c24fa7f194,text_or_domain_data,unchecked,
problem:2021:E:7d6233d4e94d,2021,E,2021-E,attachment,no,papers/problems/2021/E/附件1：UWB数据集/附件1：UWB数据集/正常数据/115.正常.txt,txt,45950,53ba7267e1834742726ffa56d935e1c88b517d41354e47aa5167df6e38dc16ad,text_or_domain_data,unchecked,
problem:2021:E:cd9c0336ff42,2021,E,2021-E,attachment,no,papers/problems/2021/E/附件1：UWB数据集/附件1：UWB数据集/正常数据/116.正常.txt,txt,56262,842acd603a992ab9ae0262daf26f203b1642f2223701435133c82d1ed491b512,text_or_domain_data,unchecked,
problem:2021:E:381e7938437e,2021,E,2021-E,attachment,no,papers/problems/2021/E/附件1：UWB数据集/附件1：UWB数据集/正常数据/117.正常.txt,txt,43274,e5aafaef0c2768d6d2b18e7149da2810e8ce55a949a38e721f3a1dfdd897babb,text_or_domain_data,unchecked,
problem:2021:E:07acf3a06de4,2021,E,2021-E,attachment,no,papers/problems/2021/E/附件1：UWB数据集/附件1：UWB数据集/正常数据/118.正常.txt,txt,36982,425edae3ddc3f87cb8ca8cbe03789a3956705edbf91f158a67242cfbce9fe092,text_or_domain_data,unchecked,
problem:2021:E:3b52b2bd09dd,2021,E,2021-E,attachment,no,papers/problems/2021/E/附件1：UWB数据集/附件1：UWB数据集/正常数据/119.正常.txt,txt,43466,fb4261518983f3d6895e4105426b904dab0a31f8aded3a54aaaedc27a2c3c730,text_or_domain_data,unchecked,
problem:2021:E:59a974d58cb2,2021,E,2021-E,attachment,no,papers/problems/2021/E/附件1：UWB数据集/附件1：UWB数据集/正常数据/12.正常.txt,txt,38786,f9387b65d39abf989da3c510c3371d4a17481f12583e57139a12cb1719e76885,text_or_domain_data,unchecked,
problem:2021:E:5b6979b25981,2021,E,2021-E,attachment,no,papers/problems/2021/E/附件1：UWB数据集/附件1：UWB数据集/正常数据/120.正常.txt,txt,35666,f1f3990c59d541918a2ddc6e137137f6e98e15f847f64aa2551b843ff9748824,text_or_domain_data,unchecked,
problem:2021:E:7afb63efba2f,2021,E,2021-E,attachment,no,papers/problems/2021/E/附件1：UWB数据集/附件1：UWB数据集/正常数据/121.正常.txt,txt,33946,b1e9055b2071e242e113d921c8cbaef143539dfb9942adcbf297345eb3e57be2,text_or_domain_data,unchecked,
problem:2021:E:0e20f8463c86,2021,E,2021-E,attachment,no,papers/problems/2021/E/附件1：UWB数据集/附件1：UWB数据集/正常数据/122.正常.txt,txt,35822,95bb04404c544d979b6a826c246617f0b6df91f05f46d5290ce141b01adeaa5f,text_or_domain_data,unchecked,
problem:2021:E:787bbcb1c979,2021,E,2021-E,attachment,no,papers/problems/2021/E/附件1：UWB数据集/附件1：UWB数据集/正常数据/123.正常.txt,txt,35034,d05b4654dc519c5bbb68843c6680824ea88bbaa86673ddef55b18e8b6dc374aa,text_or_domain_data,unchecked,
problem:2021:E:8b6dd01df7fc,2021,E,2021-E,attachment,no,papers/problems/2021/E/附件1：UWB数据集/附件1：UWB数据集/正常数据/124.正常.txt,txt,36558,6def9cad5049fd623f16bf43125cd386b5ae065c1caff199a944d42ae0b9e337,text_or_domain_data,unchecked,
problem:2021:E:34e69f486717,2021,E,2021-E,attachment,no,papers/problems/2021/E/附件1：UWB数据集/附件1：UWB数据集/正常数据/125.正常.txt,txt,34030,9408c5e8ad63e2248d89c34b41796a803be2a5ce10cb339f9b60f835bafa805d,text_or_domain_data,unchecked,
problem:2021:E:30e6a3e361e3,2021,E,2021-E,attachment,no,papers/problems/2021/E/附件1：UWB数据集/附件1：UWB数据集/正常数据/126.正常.txt,txt,34654,7c25d2131bbee0223d62add72741571e5045f01c1f1f9135ada8a8d3c1d35f92,text_or_domain_data,unchecked,
problem:2021:E:c02c006c7dcd,2021,E,2021-E,attachment,no,papers/problems/2021/E/附件1：UWB数据集/附件1：UWB数据集/正常数据/127.正常.txt,txt,35306,dc3346fce13b9770ab056c8406d5301e283ed0f5b98915134fe2efdef84a0b58,text_or_domain_data,unchecked,
problem:2021:E:dad7e15ea088,2021,E,2021-E,attachment,no,papers/problems/2021/E/附件1：UWB数据集/附件1：UWB数据集/正常数据/128.正常.txt,txt,33470,d17b6d0f38b7b73aec7bddeb8f2dda724801fe90f3e40f1cedc4d088311fdac9,text_or_domain_data,unchecked,
problem:2021:E:ef77cc437c4b,2021,E,2021-E,attachment,no,papers/problems/2021/E/附件1：UWB数据集/附件1：UWB数据集/正常数据/129.正常.txt,txt,34038,928fa049b6b832ff75f359ad27635ebbe321bd51ad18af7790a25d588352c52d,text_or_domain_data,unchecked,
problem:2021:E:7d81666a80f8,2021,E,2021-E,attachment,no,papers/problems/2021/E/附件1：UWB数据集/附件1：UWB数据集/正常数据/13.正常.txt,txt,30206,aa2d2cc0848418ea2e510e63711ba593d6720ee1758278fcc10c84a961dfb4fc,text_or_domain_data,unchecked,
problem:2021:E:d1faed1d855d,2021,E,2021-E,attachment,no,papers/problems/2021/E/附件1：UWB数据集/附件1：UWB数据集/正常数据/130.正常.txt,txt,38990,c7647461a50f2c2194d75b76ab73ed3854886026ca9ae7d9749ab25e8a413651,text_or_domain_data,unchecked,
problem:2021:E:a43b5abcb96a,2021,E,2021-E,attachment,no,papers/problems/2021/E/附件1：UWB数据集/附件1：UWB数据集/正常数据/131.正常.txt,txt,42990,081bb6ec598f172d06c88b3c110d0dc314ca0427158646182d683641b59be72a,text_or_domain_data,unchecked,
problem:2021:E:4cfd27fbd610,2021,E,2021-E,attachment,no,papers/problems/2021/E/附件1：UWB数据集/附件1：UWB数据集/正常数据/132.正常.txt,txt,38030,71ad8267c084f09dddc144924d24475eda9af2af4544c07dba6b43b1f4a09165,text_or_domain_data,unchecked,
problem:2021:E:7b00df452595,2021,E,2021-E,attachment,no,papers/problems/2021/E/附件1：UWB数据集/附件1：UWB数据集/正常数据/133.正常.txt,txt,40746,a98620bd0926debbb1bdf0a7012244c7b3e8bfa6ced6c84333911849c6700509,text_or_domain_data,unchecked,
problem:2021:E:6ce4ae763ee3,2021,E,2021-E,attachment,no,papers/problems/2021/E/附件1：UWB数据集/附件1：UWB数据集/正常数据/134.正常.txt,txt,42138,b5fdffbb629a3ec91543009d4d6f08682b7b952904311d6c1dcb4fc711a6cd1a,text_or_domain_data,unchecked,
problem:2021:E:e85abef4070e,2021,E,2021-E,attachment,no,papers/problems/2021/E/附件1：UWB数据集/附件1：UWB数据集/正常数据/135.正常.txt,txt,34990,725ea90672da135450d017b15c5c885452c878661fa9a63ff77dcc0e8386038a,text_or_domain_data,unchecked,
problem:2021:E:cdb429b806df,2021,E,2021-E,attachment,no,papers/problems/2021/E/附件1：UWB数据集/附件1：UWB数据集/正常数据/136.正常.txt,txt,34670,eae927d3d6a57fcf138aab219ef2f2f7d665b448b7936d4f15e3bbaa38e40448,text_or_domain_data,unchecked,
problem:2021:E:2e38cdd90b75,2021,E,2021-E,attachment,no,papers/problems/2021/E/附件1：UWB数据集/附件1：UWB数据集/正常数据/137.正常.txt,txt,35286,536588be3eb70ccf3b9f5b07cdba656c29cb067b4a7b4ac8af05b0edc63994e2,text_or_domain_data,unchecked,
problem:2021:E:f750d10ec25a,2021,E,2021-E,attachment,no,papers/problems/2021/E/附件1：UWB数据集/附件1：UWB数据集/正常数据/138.正常.txt,txt,35754,5371e2955997d77bba97ac39714e77986a2600ce63ad8597723bdfa8834dae8f,text_or_domain_data,unchecked,
problem:2021:E:84904a6b3f49,2021,E,2021-E,attachment,no,papers/problems/2021/E/附件1：UWB数据集/附件1：UWB数据集/正常数据/139.正常.txt,txt,35310,d79d85eb66ea06484b49c5e937a0f192da04dbad47c269954306cae43dcef8ba,text_or_domain_data,unchecked,
problem:2021:E:2b58169fd271,2021,E,2021-E,attachment,no,papers/problems/2021/E/附件1：UWB数据集/附件1：UWB数据集/正常数据/14.正常.txt,txt,33290,e996426ed857037b3edaa7b9ad79c8b823cb06f77c623d6a49406e9fe46fa17e,text_or_domain_data,unchecked,
problem:2021:E:9d833f2b83f4,2021,E,2021-E,attachment,no,papers/problems/2021/E/附件1：UWB数据集/附件1：UWB数据集/正常数据/140.正常.txt,txt,35470,1808c572c7b5fb2728e3e2560b4b04a03fbe5092ed5e6218c2b335b3a3ae2738,text_or_domain_data,unchecked,
problem:2021:E:b78899b13429,2021,E,2021-E,attachment,no,papers/problems/2021/E/附件1：UWB数据集/附件1：UWB数据集/正常数据/141.正常.txt,txt,45550,3b03a1bac4d051899d93fc3ecc3cf9b3c8d37861800f70e15eaa42664291befc,text_or_domain_data,unchecked,
problem:2021:E:2e8f563f7ccd,2021,E,2021-E,attachment,no,papers/problems/2021/E/附件1：UWB数据集/附件1：UWB数据集/正常数据/142.正常.txt,txt,42590,cf5af4450e22a14e0ec55d39883523ad1663bcacaf28e68c439c47b353e9a2e1,text_or_domain_data,unchecked,
problem:2021:E:c27610aaffd4,2021,E,2021-E,attachment,no,papers/problems/2021/E/附件1：UWB数据集/附件1：UWB数据集/正常数据/143.正常.txt,txt,42830,fe290a3c0eaa6fb98a7a2669f3d189da556c6ff1500e0cfafbd5bfeda3e25112,text_or_domain_data,unchecked,
problem:2021:E:8f34e5c11054,2021,E,2021-E,attachment,no,papers/problems/2021/E/附件1：UWB数据集/附件1：UWB数据集/正常数据/144.正常.txt,txt,52210,0c148012fd7cbbd62e755530e906205e0dd0ab08873dcb85fbb6aa5ad81b0c02,text_or_domain_data,unchecked,
problem:2021:E:79164991b304,2021,E,2021-E,attachment,no,papers/problems/2021/E/附件1：UWB数据集/附件1：UWB数据集/正常数据/145.正常.txt,txt,38812,43bed41fea3396346286e5e9f973ca32e29a3edb7a208fa5b86fd908c097bc6d,text_or_domain_data,unchecked,
problem:2021:E:2b1bb4866c94,2021,E,2021-E,attachment,no,papers/problems/2021/E/附件1：UWB数据集/附件1：UWB数据集/正常数据/146.正常.txt,txt,39206,fa1f731842a3a708edf455fa67936c8086e41d48afc9361f569c6708e889e139,text_or_domain_data,unchecked,
problem:2021:E:e3182ddd4dcb,2021,E,2021-E,attachment,no,papers/problems/2021/E/附件1：UWB数据集/附件1：UWB数据集/正常数据/147.正常.txt,txt,47790,181dfe9088a3dd8a21c9972916647e2488f9c99d1bd16dad28347ce8b3938e46,text_or_domain_data,unchecked,
problem:2021:E:ee9e511ed125,2021,E,2021-E,attachment,no,papers/problems/2021/E/附件1：UWB数据集/附件1：UWB数据集/正常数据/148.正常.txt,txt,37158,c4d699592bde451806ad74d34e89485c33176917287ac8c773efe64e54b4fca1,text_or_domain_data,unchecked,
problem:2021:E:fbebcf82025f,2021,E,2021-E,attachment,no,papers/problems/2021/E/附件1：UWB数据集/附件1：UWB数据集/正常数据/149.正常.txt,txt,53710,dd658fd62cfc32269fa2e0b73a8bd20c9fb74a5cc6f711a8af6e4f1b1465c4cb,text_or_domain_data,unchecked,
problem:2021:E:992eba5d1a67,2021,E,2021-E,attachment,no,papers/problems/2021/E/附件1：UWB数据集/附件1：UWB数据集/正常数据/15.正常.txt,txt,21758,0858fcf8fc6c3cc173928db3491d8b3aafff42660662b48d15c134674d0308b8,text_or_domain_data,unchecked,
problem:2021:E:baabea7f8039,2021,E,2021-E,attachment,no,papers/problems/2021/E/附件1：UWB数据集/附件1：UWB数据集/正常数据/150.正常.txt,txt,37710,cfdf9f75efeea0313ec0ceaf9ce802d442453ab8b5a3290c90acd0b8e5d6c7d5,text_or_domain_data,unchecked,
problem:2021:E:d97689e2d72c,2021,E,2021-E,attachment,no,papers/problems/2021/E/附件1：UWB数据集/附件1：UWB数据集/正常数据/151.正常.txt,txt,53710,5ac804941df92b7aa6786ef26fafe11c95932b91012d168b6dee9df875de156c,text_or_domain_data,unchecked,
problem:2021:E:aea919085d65,2021,E,2021-E,attachment,no,papers/problems/2021/E/附件1：UWB数据集/附件1：UWB数据集/正常数据/152.正常.txt,txt,35442,dae24c49a78875fd9af452fa5cffbc0e46b76371a697bc274b8d822d1ccb254d,text_or_domain_data,unchecked,
problem:2021:E:2be1b74136d6,2021,E,2021-E,attachment,no,papers/problems/2021/E/附件1：UWB数据集/附件1：UWB数据集/正常数据/153.正常.txt,txt,36750,cec69f1e75bc300e9b1886fba0a66b79c97cb585639727ca68c1664fc0eaa671,text_or_domain_data,unchecked,
problem:2021:E:5f5f248c401c,2021,E,2021-E,attachment,no,papers/problems/2021/E/附件1：UWB数据集/附件1：UWB数据集/正常数据/154.正常.txt,txt,42606,64957c58e6b2b8acaf38cf29472f556ca34660208a4fc12481306a3502af63c6,text_or_domain_data,unchecked,
problem:2021:E:32bcb3658d32,2021,E,2021-E,attachment,no,papers/problems/2021/E/附件1：UWB数据集/附件1：UWB数据集/正常数据/155.正常.txt,txt,35150,7776d0faaf7feb0de74042cbd6fae047d2e50ac6bf7c3113da294dc662fb57c2,text_or_domain_data,unchecked,
problem:2021:E:344fe8b7551e,2021,E,2021-E,attachment,no,papers/problems/2021/E/附件1：UWB数据集/附件1：UWB数据集/正常数据/156.正常.txt,txt,41058,70f863ba149134491f430c9fb3bcb3f02d6a7b79f7b1a0c30ec96167ae6a22ec,text_or_domain_data,unchecked,
problem:2021:E:7f318b82ca18,2021,E,2021-E,attachment,no,papers/problems/2021/E/附件1：UWB数据集/附件1：UWB数据集/正常数据/157.正常.txt,txt,36910,6ecc819556dd8cb9a3f2eedf5257edb166217c2cd28b8cf8ef113108178dbffc,text_or_domain_data,unchecked,
problem:2021:E:972bf7ada037,2021,E,2021-E,attachment,no,papers/problems/2021/E/附件1：UWB数据集/附件1：UWB数据集/正常数据/158.正常.txt,txt,37334,b957e609510d8cd1393b7f8c285200f43b870d9ea46af442c91638237886ca02,text_or_domain_data,unchecked,
problem:2021:E:ec60d50f5c77,2021,E,2021-E,attachment,no,papers/problems/2021/E/附件1：UWB数据集/附件1：UWB数据集/正常数据/159.正常.txt,txt,40590,2b2f10bcaf7477e4873101f38f20e0b55b95246e6b7ebd13e23d91f9fcd14fa3,text_or_domain_data,unchecked,
problem:2021:E:cfc3c9a5a22e,2021,E,2021-E,attachment,no,papers/problems/2021/E/附件1：UWB数据集/附件1：UWB数据集/正常数据/16.正常.txt,txt,41514,e4669342ea0049fe61795c3344292c2c387c67879abcdb16a95b8184f59af8f6,text_or_domain_data,unchecked,
problem:2021:E:6bacc1ff23dd,2021,E,2021-E,attachment,no,papers/problems/2021/E/附件1：UWB数据集/附件1：UWB数据集/正常数据/160.正常.txt,txt,39662,a7c995b4d823d4498252bed86c14226812092931a0bb8ed48a39d17dd74433ca,text_or_domain_data,unchecked,
problem:2021:E:c62334fd3a2a,2021,E,2021-E,attachment,no,papers/problems/2021/E/附件1：UWB数据集/附件1：UWB数据集/正常数据/161.正常.txt,txt,34232,e3376b217de4af1017a49c1f1d7a4ac06a33604adce10f8d65eb230c259dfd11,text_or_domain_data,unchecked,
problem:2021:E:77343df82967,2021,E,2021-E,attachment,no,papers/problems/2021/E/附件1：UWB数据集/附件1：UWB数据集/正常数据/162.正常.txt,txt,35324,3f07836c0b7badb9798619fd4ec313a8328774b3caf428540680f9360282e23c,text_or_domain_data,unchecked,
problem:2021:E:4d7498bb0746,2021,E,2021-E,attachment,no,papers/problems/2021/E/附件1：UWB数据集/附件1：UWB数据集/正常数据/163.正常.txt,txt,37700,f667f88171178ae0575da79193ac878f6c54c9dfd903b020357b5f5938982710,text_or_domain_data,unchecked,
problem:2021:E:103975776c97,2021,E,2021-E,attachment,no,papers/problems/2021/E/附件1：UWB数据集/附件1：UWB数据集/正常数据/164.正常.txt,txt,36602,7071333c884082ec8a988c1c62dcbc45d8fc8767eb38619a9502f86e5c5ed2ff,text_or_domain_data,unchecked,
problem:2021:E:6cb08724d5ce,2021,E,2021-E,attachment,no,papers/problems/2021/E/附件1：UWB数据集/附件1：UWB数据集/正常数据/165.正常.txt,txt,37226,01e012f888871120d216c488cce32f5c2ea5d930baf1fe4a56e43d06c761b448,text_or_domain_data,unchecked,
problem:2021:E:3c389c05a974,2021,E,2021-E,attachment,no,papers/problems/2021/E/附件1：UWB数据集/附件1：UWB数据集/正常数据/166.正常.txt,txt,36190,5663b4a13715f00b8f0e874fb262f53b3edc182f79ae27bf3950c7c0aa58e740,text_or_domain_data,unchecked,
problem:2021:E:c03af72f6445,2021,E,2021-E,attachment,no,papers/problems/2021/E/附件1：UWB数据集/附件1：UWB数据集/正常数据/167.正常.txt,txt,36290,def0658f12dd153f65b764c486c1c413d5fb5de7187be373bf177cf7b085bf80,text_or_domain_data,unchecked,
problem:2021:E:e17986e5bb54,2021,E,2021-E,attachment,no,papers/problems/2021/E/附件1：UWB数据集/附件1：UWB数据集/正常数据/168.正常.txt,txt,38942,ffad4ba44bfc2805acd187c7398369bf52d5ed94875bed12e58d764b72142e67,text_or_domain_data,unchecked,
problem:2021:E:fba423f053c4,2021,E,2021-E,attachment,no,papers/problems/2021/E/附件1：UWB数据集/附件1：UWB数据集/正常数据/169.正常.txt,txt,36290,65eacd600ea5c7a03267f082d3168ff7d7d073dede61bb00ce4026be0f339ddb,text_or_domain_data,unchecked,
problem:2021:E:a420f122f361,2021,E,2021-E,attachment,no,papers/problems/2021/E/附件1：UWB数据集/附件1：UWB数据集/正常数据/17.正常.txt,txt,61730,d3707f61ac86b1155cd8c98e03c307e2baf2f5b1c10f8346bb9858227feb2a79,text_or_domain_data,unchecked,
problem:2021:E:b10682640e9e,2021,E,2021-E,attachment,no,papers/problems/2021/E/附件1：UWB数据集/附件1：UWB数据集/正常数据/170.正常.txt,txt,46606,9b7a7d4e0a0ddc2900f48cf2c7ea445a197995e517f66506c34073353450daa2,text_or_domain_data,unchecked,
problem:2021:E:dc7d79688de3,2021,E,2021-E,attachment,no,papers/problems/2021/E/附件1：UWB数据集/附件1：UWB数据集/正常数据/171.正常.txt,txt,40104,378abade0d818ecb0bb1515ae18107dbe906f190f92d5ce3d9a663e374a2e9b4,text_or_domain_data,unchecked,
problem:2021:E:b378b88b9eb5,2021,E,2021-E,attachment,no,papers/problems/2021/E/附件1：UWB数据集/附件1：UWB数据集/正常数据/172.正常.txt,txt,34730,1c6b19eae1cb105d5115a6f2afae5ec9d7ba98196950f049d8b6eed733616821,text_or_domain_data,unchecked,
problem:2021:E:2b079b7280d0,2021,E,2021-E,attachment,no,papers/problems/2021/E/附件1：UWB数据集/附件1：UWB数据集/正常数据/173.正常.txt,txt,46266,6c2c72fa4fbd5d53c4023eb004b202abe5a01bba1de394fe72b0e9f165c5bcef,text_or_domain_data,unchecked,
problem:2021:E:93f8c0ef9ae4,2021,E,2021-E,attachment,no,papers/problems/2021/E/附件1：UWB数据集/附件1：UWB数据集/正常数据/174.正常.txt,txt,37538,7cbb7fdef77c53d9243c7ca787ea27af0c43ddb2037e22f1a833938a6f6b530b,text_or_domain_data,unchecked,
problem:2021:E:7a37a72b66a8,2021,E,2021-E,attachment,no,papers/problems/2021/E/附件1：UWB数据集/附件1：UWB数据集/正常数据/175.正常.txt,txt,35158,eb0415a41f532faf42a55138a132dc793f655d7d99cd02ff41d975328db06f74,text_or_domain_data,unchecked,
problem:2021:E:4d4265fe2258,2021,E,2021-E,attachment,no,papers/problems/2021/E/附件1：UWB数据集/附件1：UWB数据集/正常数据/176.正常.txt,txt,36078,65d95c11387c709123c77dcbd32d55eb40e6d0f8544c727abd7f27ad86acab2b,text_or_domain_data,unchecked,
problem:2021:E:09b8b69ce22e,2021,E,2021-E,attachment,no,papers/problems/2021/E/附件1：UWB数据集/附件1：UWB数据集/正常数据/177.正常.txt,txt,37510,960001a33597a7cff93fcb81e95fa1dc1e6cd1f3a2b7b82a0226aefa919968e4,text_or_domain_data,unchecked,
problem:2021:E:71eb4592450e,2021,E,2021-E,attachment,no,papers/problems/2021/E/附件1：UWB数据集/附件1：UWB数据集/正常数据/178.正常.txt,txt,34690,e7836c226b9ab75e7f45b9c99319155190abce889f3b781924f3b928ecb9f88a,text_or_domain_data,unchecked,
problem:2021:E:86a9b26125df,2021,E,2021-E,attachment,no,papers/problems/2021/E/附件1：UWB数据集/附件1：UWB数据集/正常数据/179.正常.txt,txt,67826,cde8e1243a8777cf728b0315e4eb7200b7ea47300e21a2d98cb8ae0654d817b7,text_or_domain_data,unchecked,
problem:2021:E:bb7ba6e7930e,2021,E,2021-E,attachment,no,papers/problems/2021/E/附件1：UWB数据集/附件1：UWB数据集/正常数据/18.正常.txt,txt,51094,9219fd8ff8ea83859103beef3a1ac8807abe214d5ab2defd320a4dddd058d73f,text_or_domain_data,unchecked,
problem:2021:E:e2fb31ae20fb,2021,E,2021-E,attachment,no,papers/problems/2021/E/附件1：UWB数据集/附件1：UWB数据集/正常数据/180.正常.txt,txt,37230,8b965b4eea4e32eccf4004bfd1172f0c7ac01315033969b7a1df53fc0930b734,text_or_domain_data,unchecked,
problem:2021:E:7c9e550dba4d,2021,E,2021-E,attachment,no,papers/problems/2021/E/附件1：UWB数据集/附件1：UWB数据集/正常数据/181.正常.txt,txt,46486,2005b4c79aa04170c169d6c5d0a25e1b41d9882cafa1c770692c4e82b219436b,text_or_domain_data,unchecked,
problem:2021:E:169d18bcc9e2,2021,E,2021-E,attachment,no,papers/problems/2021/E/附件1：UWB数据集/附件1：UWB数据集/正常数据/182.正常.txt,txt,37390,11ead97f92ad25a49f0e71b9a6d2487ac802315e8ab7e8cb5fb5a35f0fdcf52c,text_or_domain_data,unchecked,
problem:2021:E:5ce1d5291b74,2021,E,2021-E,attachment,no,papers/problems/2021/E/附件1：UWB数据集/附件1：UWB数据集/正常数据/183.正常.txt,txt,38406,6f0d87c19773fff2111b8671092804375dd1d7df4212a185718adf43477945f5,text_or_domain_data,unchecked,
problem:2021:E:46573788972b,2021,E,2021-E,attachment,no,papers/problems/2021/E/附件1：UWB数据集/附件1：UWB数据集/正常数据/184.正常.txt,txt,38670,ccfd3742be99945b67f24728b3ee136fbd4a7561523343bfb73b47de30ceb48f,text_or_domain_data,unchecked,
problem:2021:E:e2083109d7ab,2021,E,2021-E,attachment,no,papers/problems/2021/E/附件1：UWB数据集/附件1：UWB数据集/正常数据/185.正常.txt,txt,37710,76cf2aa437429e88a706423f88a13b77f38149d4cbe72762ceb91e057271128f,text_or_domain_data,unchecked,
problem:2021:E:71691076b0fa,2021,E,2021-E,attachment,no,papers/problems/2021/E/附件1：UWB数据集/附件1：UWB数据集/正常数据/186.正常.txt,txt,45550,8c5bd343ae361caa7f4c29b93330eae5f118627704c39c1fd5acf6d4fe1e0341,text_or_domain_data,unchecked,
problem:2021:E:11a22c342c7f,2021,E,2021-E,attachment,no,papers/problems/2021/E/附件1：UWB数据集/附件1：UWB数据集/正常数据/187.正常.txt,txt,38358,759c9269a992546c7c73b96c8aefed3f8ac7b60997e5fb2a5e80933581a799ae,text_or_domain_data,unchecked,
problem:2021:E:2ed561cadcdb,2021,E,2021-E,attachment,no,papers/problems/2021/E/附件1：UWB数据集/附件1：UWB数据集/正常数据/188.正常.txt,txt,34510,f8e183d2569e92b92250534f6c2d1d6bb10bdd5123ecdb8edd879301889e67a5,text_or_domain_data,unchecked,
problem:2021:E:fe19929c813d,2021,E,2021-E,attachment,no,papers/problems/2021/E/附件1：UWB数据集/附件1：UWB数据集/正常数据/189.正常.txt,txt,37178,6a2067a776460a52b0f6f5973dde6bd3fcb0b9864b525791db071415d233be8a,text_or_domain_data,unchecked,
problem:2021:E:84b0a0c70331,2021,E,2021-E,attachment,no,papers/problems/2021/E/附件1：UWB数据集/附件1：UWB数据集/正常数据/19.正常.txt,txt,37014,80445e549ab18a0952b3855437089eee539bc0ff46e42c1df540dcf35e052e7a,text_or_domain_data,unchecked,
problem:2021:E:ce852317428d,2021,E,2021-E,attachment,no,papers/problems/2021/E/附件1：UWB数据集/附件1：UWB数据集/正常数据/190.正常.txt,txt,37866,05e27415251cf43a79534697a4b8084a797ea6c65d707619cebaa8c4ef055896,text_or_domain_data,unchecked,
problem:2021:E:d7bb3e1edfff,2021,E,2021-E,attachment,no,papers/problems/2021/E/附件1：UWB数据集/附件1：UWB数据集/正常数据/191.正常.txt,txt,38406,54fd125679d6f642236b9e491963d4b8138dd026fde31bf737b2c4520a685f43,text_or_domain_data,unchecked,
problem:2021:E:2a292dc59dd3,2021,E,2021-E,attachment,no,papers/problems/2021/E/附件1：UWB数据集/附件1：UWB数据集/正常数据/192.正常.txt,txt,55310,295e8fb281896fdfe533ef2bb0b0e8d42091213eb4c43c4bf9466c10a3134330,text_or_domain_data,unchecked,
problem:2021:E:0b469bc92d53,2021,E,2021-E,attachment,no,papers/problems/2021/E/附件1：UWB数据集/附件1：UWB数据集/正常数据/193.正常.txt,txt,30294,59940a3748f9a89bbbe2f85e34e9a37bdff4425bf29ed9f0db281110efa7603b,text_or_domain_data,unchecked,
problem:2021:E:12f53747620a,2021,E,2021-E,attachment,no,papers/problems/2021/E/附件1：UWB数据集/附件1：UWB数据集/正常数据/194.正常.txt,txt,53070,4f6841a4848f77d4b96266a57c13a07660fa352dbc60ec524667399d5806a692,text_or_domain_data,unchecked,
problem:2021:E:d5a1294c3b7a,2021,E,2021-E,attachment,no,papers/problems/2021/E/附件1：UWB数据集/附件1：UWB数据集/正常数据/195.正常.txt,txt,36590,ed011adaa7b603afc6dfb788b157c5c98378cae5f5d251dfba1747088680b289,text_or_domain_data,unchecked,
problem:2021:E:0d1d4e2a848e,2021,E,2021-E,attachment,no,papers/problems/2021/E/附件1：UWB数据集/附件1：UWB数据集/正常数据/196.正常.txt,txt,33842,2cc5576b2088f2fbbaf222c812382a92dd7cb3d1394fa87619a0153e3535c741,text_or_domain_data,unchecked,
problem:2021:E:18a3310a451d,2021,E,2021-E,attachment,no,papers/problems/2021/E/附件1：UWB数据集/附件1：UWB数据集/正常数据/197.正常.txt,txt,36590,34d7c85b3d603e176b70fac9c10b1837dbbafaef06edb056fcd01f9cfb717e24,text_or_domain_data,unchecked,
problem:2021:E:1da027756e6e,2021,E,2021-E,attachment,no,papers/problems/2021/E/附件1：UWB数据集/附件1：UWB数据集/正常数据/198.正常.txt,txt,42774,1a1d20c1824d7c4242d1bfbe5eb8ef41fbac0dc9d442103a9a981deaac5c6065,text_or_domain_data,unchecked,
problem:2021:E:2eb6b5ec7bf9,2021,E,2021-E,attachment,no,papers/problems/2021/E/附件1：UWB数据集/附件1：UWB数据集/正常数据/199.正常.txt,txt,36850,dc4934f6753f61dced17f9fd420f3ca84c047f0b984f1a0cc8e10170d47d97f4,text_or_domain_data,unchecked,
problem:2021:E:dc2149931282,2021,E,2021-E,attachment,no,papers/problems/2021/E/附件1：UWB数据集/附件1：UWB数据集/正常数据/2.正常.txt,txt,25838,0695ad7e9cb09633e934d11948f96575a325c06c60a47b62888e3648901d383c,text_or_domain_data,unchecked,
problem:2021:E:ac5425946443,2021,E,2021-E,attachment,no,papers/problems/2021/E/附件1：UWB数据集/附件1：UWB数据集/正常数据/20.正常.txt,txt,32438,51a584c95f33f2a5fbe3fae7b38fc97d55b780a5090e407025dd91f097267e85,text_or_domain_data,unchecked,
problem:2021:E:ecdeb4a15308,2021,E,2021-E,attachment,no,papers/problems/2021/E/附件1：UWB数据集/附件1：UWB数据集/正常数据/200.正常.txt,txt,36534,8a2991df128b8d1d0cbc6e7e5495f3d3fd02c7286446c402a30631ad7a16ed9b,text_or_domain_data,unchecked,
problem:2021:E:7440bfd84e7a,2021,E,2021-E,attachment,no,papers/problems/2021/E/附件1：UWB数据集/附件1：UWB数据集/正常数据/201.正常.txt,txt,36430,afdc480f0c50604da6628f16293e353b48045bfe4c133649ca58ae94363bf651,text_or_domain_data,unchecked,
problem:2021:E:066d1a45818e,2021,E,2021-E,attachment,no,papers/problems/2021/E/附件1：UWB数据集/附件1：UWB数据集/正常数据/202.正常.txt,txt,37426,5df392b059d8852b0e7ad961d3477c2dc608bfe842798a61f3b1913a3d69505e,text_or_domain_data,unchecked,
problem:2021:E:9c023c248e23,2021,E,2021-E,attachment,no,papers/problems/2021/E/附件1：UWB数据集/附件1：UWB数据集/正常数据/203.正常.txt,txt,41550,4cd43a6fef4aed6995e6f7c8aa46319197bc5c52547115b4473365a6373c33c6,text_or_domain_data,unchecked,
problem:2021:E:8e2e422a2088,2021,E,2021-E,attachment,no,papers/problems/2021/E/附件1：UWB数据集/附件1：UWB数据集/正常数据/204.正常.txt,txt,36534,5c0fa917228720434c7837331cf97c7c362081584b2a507adac7b24586253381,text_or_domain_data,unchecked,
problem:2021:E:fbfa429e7950,2021,E,2021-E,attachment,no,papers/problems/2021/E/附件1：UWB数据集/附件1：UWB数据集/正常数据/205.正常.txt,txt,30990,d538282383d7e1dc6fc6e5ff3486913d355d83b717e6135f0a5fcf899c4eb09f,text_or_domain_data,unchecked,
problem:2021:E:e0de43df39bb,2021,E,2021-E,attachment,no,papers/problems/2021/E/附件1：UWB数据集/附件1：UWB数据集/正常数据/206.正常.txt,txt,54014,f238907c9c2ca7c41ea80f1ac50abfdb57eaf4f91dc92b4925f9172fc67e9ca7,text_or_domain_data,unchecked,
problem:2021:E:0d8448ca4d12,2021,E,2021-E,attachment,no,papers/problems/2021/E/附件1：UWB数据集/附件1：UWB数据集/正常数据/207.正常.txt,txt,38990,fce4636a9a75db16f820aa85ad9d0e1375ec41f6082fcea996e53f447ba46112,text_or_domain_data,unchecked,
problem:2021:E:9a04ab1234a8,2021,E,2021-E,attachment,no,papers/problems/2021/E/附件1：UWB数据集/附件1：UWB数据集/正常数据/208.正常.txt,txt,36846,14b70b6722674db70badfe9b3cdc527589700cbdcd8f6069c80502af068ef816,text_or_domain_data,unchecked,
problem:2021:E:3f7ed06f364c,2021,E,2021-E,attachment,no,papers/problems/2021/E/附件1：UWB数据集/附件1：UWB数据集/正常数据/209.正常.txt,txt,34830,893bbb6822d536d2e2538028ac2bd7610fcb3264771be1b5220de7e7d5ecaa46,text_or_domain_data,unchecked,
problem:2021:E:40332249fe5c,2021,E,2021-E,attachment,no,papers/problems/2021/E/附件1：UWB数据集/附件1：UWB数据集/正常数据/21.正常.txt,txt,33550,1e75e45145b5b91e09dca329398eee59545b11c5d61336a0b751303011335d02,text_or_domain_data,unchecked,
problem:2021:E:7453c8489fcc,2021,E,2021-E,attachment,no,papers/problems/2021/E/附件1：UWB数据集/附件1：UWB数据集/正常数据/210.正常.txt,txt,38874,65e882016e369ddf35ba0fde490f2ffc9eea349da9b5c2bd04be0543b9bcbf62,text_or_domain_data,unchecked,
problem:2021:E:f6c842817787,2021,E,2021-E,attachment,no,papers/problems/2021/E/附件1：UWB数据集/附件1：UWB数据集/正常数据/211.正常.txt,txt,37870,c79279d92cf7a59e4409f3406e51a611150ddb119f5f8eec015550d8b37a6cdb,text_or_domain_data,unchecked,
problem:2021:E:3dc1cb3ad5e9,2021,E,2021-E,attachment,no,papers/problems/2021/E/附件1：UWB数据集/附件1：UWB数据集/正常数据/212.正常.txt,txt,41550,2bfdfdab5f97d8f7ee5fdbc023d5eb2942e9a7bb5aba58e8525e38f1238fe3ba,text_or_domain_data,unchecked,
problem:2021:E:7d4d30282a8b,2021,E,2021-E,attachment,no,papers/problems/2021/E/附件1：UWB数据集/附件1：UWB数据集/正常数据/213.正常.txt,txt,39810,a08118ad561cf67d1b59bd726a12cc810dfbf27ad6915b006e42fa4670a98492,text_or_domain_data,unchecked,
problem:2021:E:df7ea2ddcaaf,2021,E,2021-E,attachment,no,papers/problems/2021/E/附件1：UWB数据集/附件1：UWB数据集/正常数据/214.正常.txt,txt,52590,09dd1165f83556f197a71333256084f5bbf0f124793869b8d903b409278054a0,text_or_domain_data,unchecked,
problem:2021:E:411814423c10,2021,E,2021-E,attachment,no,papers/problems/2021/E/附件1：UWB数据集/附件1：UWB数据集/正常数据/215.正常.txt,txt,34866,3a561db48dba19a9763ac6e1361f67748ab2501a663253cb71c39df5dceab1c3,text_or_domain_data,unchecked,
problem:2021:E:5513222c285c,2021,E,2021-E,attachment,no,papers/problems/2021/E/附件1：UWB数据集/附件1：UWB数据集/正常数据/216.正常.txt,txt,36430,310f1e0178e44c5c0f14070dcbefbaf2ab4a5f570011129624c258fc6c3f7571,text_or_domain_data,unchecked,
problem:2021:E:2526cdf28000,2021,E,2021-E,attachment,no,papers/problems/2021/E/附件1：UWB数据集/附件1：UWB数据集/正常数据/217.正常.txt,txt,35958,94cb8d383367348bad02b4fdd02e58e87854f95901a38c62ecf6d3d831d52af8,text_or_domain_data,unchecked,
problem:2021:E:25033f8edd7a,2021,E,2021-E,attachment,no,papers/problems/2021/E/附件1：UWB数据集/附件1：UWB数据集/正常数据/218.正常.txt,txt,37586,b98aa6364d9597151b6c17a269719160420c1f133f21aae82901fe90bc1256f9,text_or_domain_data,unchecked,
problem:2021:E:d45d4f9933eb,2021,E,2021-E,attachment,no,papers/problems/2021/E/附件1：UWB数据集/附件1：UWB数据集/正常数据/219.正常.txt,txt,37538,d5fb8519fa13d5e01e835e98e6c791197c0a98874d8bd7de7aafa69b14ff2404,text_or_domain_data,unchecked,
problem:2021:E:4cd758e67144,2021,E,2021-E,attachment,no,papers/problems/2021/E/附件1：UWB数据集/附件1：UWB数据集/正常数据/22.正常.txt,txt,29714,2220f825aa2dda0d6176828ef91c29013a68955562a0618ac2a23f622f0a461d,text_or_domain_data,unchecked,
problem:2021:E:03bb1c7a7507,2021,E,2021-E,attachment,no,papers/problems/2021/E/附件1：UWB数据集/附件1：UWB数据集/正常数据/220.正常.txt,txt,34094,079a4ec1e7ca8dc6f50dbbe9a5d3f1ab01ae2e8f5246406c696be394c4f27207,text_or_domain_data,unchecked,
problem:2021:E:29dd8b91c93a,2021,E,2021-E,attachment,no,papers/problems/2021/E/附件1：UWB数据集/附件1：UWB数据集/正常数据/221.正常.txt,txt,35510,3a3be1f8a3ff4bb4efecec7d1c31c9926aa102a64e02eda9cf99afa68dcd2664,text_or_domain_data,unchecked,
problem:2021:E:9df4becb6214,2021,E,2021-E,attachment,no,papers/problems/2021/E/附件1：UWB数据集/附件1：UWB数据集/正常数据/222.正常.txt,txt,40174,b659e53546482d09e19a52aabd348497baff457ed7c0b33fbddf6933f4dffd8f,text_or_domain_data,unchecked,
problem:2021:E:b8ba36612e69,2021,E,2021-E,attachment,no,papers/problems/2021/E/附件1：UWB数据集/附件1：UWB数据集/正常数据/223.正常.txt,txt,34278,fefafc0abc79172b83aedd8dd67fbbdfe3d6c573091c6ffcca87790786397388,text_or_domain_data,unchecked,
problem:2021:E:36659a65544d,2021,E,2021-E,attachment,no,papers/problems/2021/E/附件1：UWB数据集/附件1：UWB数据集/正常数据/224.正常.txt,txt,34234,ff3b43365d78664d4ba65968930b4b1a52261806332539305f3b44d8a37446c5,text_or_domain_data,unchecked,
problem:2021:E:94bea9b26c97,2021,E,2021-E,attachment,no,papers/problems/2021/E/附件1：UWB数据集/附件1：UWB数据集/正常数据/225.正常.txt,txt,35766,0557a8f9d24c68ac923172ee0303ec1c7ffde0fe8179dcd23fe22e72198d852c,text_or_domain_data,unchecked,
problem:2021:E:efe834297048,2021,E,2021-E,attachment,no,papers/problems/2021/E/附件1：UWB数据集/附件1：UWB数据集/正常数据/226.正常.txt,txt,44090,91f61292e8a184f3289d53080fe5b5ce60ef872aeb2e7b4c73d4a8e586a4d60a,text_or_domain_data,unchecked,
problem:2021:E:5844040e46a1,2021,E,2021-E,attachment,no,papers/problems/2021/E/附件1：UWB数据集/附件1：UWB数据集/正常数据/227.正常.txt,txt,36222,791ff912b53b0fc02543e56586943da2bc38e2a00e4cbc821c6f33863c5693c8,text_or_domain_data,unchecked,
problem:2021:E:b753d30c4fc4,2021,E,2021-E,attachment,no,papers/problems/2021/E/附件1：UWB数据集/附件1：UWB数据集/正常数据/228.正常.txt,txt,36758,5a57b6773e50821924b0c4f66f6c753efc8368df82520fb58729946dd238012d,text_or_domain_data,unchecked,
problem:2021:E:898faeee1543,2021,E,2021-E,attachment,no,papers/problems/2021/E/附件1：UWB数据集/附件1：UWB数据集/正常数据/229.正常.txt,txt,39566,c7ed0d5d610a1f06da290e9f1f76b428925ee141d2d49dc8e85b5cd38c837bbb,text_or_domain_data,unchecked,
problem:2021:E:1fd0b1f28711,2021,E,2021-E,attachment,no,papers/problems/2021/E/附件1：UWB数据集/附件1：UWB数据集/正常数据/23.正常.txt,txt,24090,b457de3e618ec597f4f704279da538893438da20a18a347183778adbcdd33bbc,text_or_domain_data,unchecked,
problem:2021:E:b49d6d984ea2,2021,E,2021-E,attachment,no,papers/problems/2021/E/附件1：UWB数据集/附件1：UWB数据集/正常数据/230.正常.txt,txt,37390,e47d335d8accc4b2b552ad7358987cb9d8f9894709d330702550bd652ea3de79,text_or_domain_data,unchecked,
problem:2021:E:462f7a009ecb,2021,E,2021-E,attachment,no,papers/problems/2021/E/附件1：UWB数据集/附件1：UWB数据集/正常数据/231.正常.txt,txt,38526,cb8d27cdb832d4196ec264638f861605ef1eaf2668fe1b9559285874bd9ee66f,text_or_domain_data,unchecked,
problem:2021:E:4934e5709ebf,2021,E,2021-E,attachment,no,papers/problems/2021/E/附件1：UWB数据集/附件1：UWB数据集/正常数据/232.正常.txt,txt,35150,1491d83e7f903efc6940d398037e6a43c5d53fb1c03cf0a840eaa1f48dac6af1,text_or_domain_data,unchecked,
problem:2021:E:9558d11b61a3,2021,E,2021-E,attachment,no,papers/problems/2021/E/附件1：UWB数据集/附件1：UWB数据集/正常数据/233.正常.txt,txt,37550,9298e972b44d0667fb305acdb20fb84678fe7d8288ea77f919710d14f48fd8c8,text_or_domain_data,unchecked,
problem:2021:E:cc64d888a074,2021,E,2021-E,attachment,no,papers/problems/2021/E/附件1：UWB数据集/附件1：UWB数据集/正常数据/234.正常.txt,txt,34350,e6f07a7f918f7f78cbc322cd86e71cd91a828862c450afdc7d6135e053d4fd92,text_or_domain_data,unchecked,
problem:2021:E:6ce757b0bc99,2021,E,2021-E,attachment,no,papers/problems/2021/E/附件1：UWB数据集/附件1：UWB数据集/正常数据/235.正常.txt,txt,40078,2c518759f46f1df9b174dca301fb862efa2f99a7331b349a51da2f17ec7b98e7,text_or_domain_data,unchecked,
problem:2021:E:62c2787fbc17,2021,E,2021-E,attachment,no,papers/problems/2021/E/附件1：UWB数据集/附件1：UWB数据集/正常数据/236.正常.txt,txt,27298,433555f29cab2f15c9198fd302039d9f09976195d6c584d3073b013806ed0011,text_or_domain_data,unchecked,
problem:2021:E:c92ce54d4897,2021,E,2021-E,attachment,no,papers/problems/2021/E/附件1：UWB数据集/附件1：UWB数据集/正常数据/237.正常.txt,txt,36590,0ce163027042bb281921c715b16a240a2fb5379ea613d79396f0aa0094243580,text_or_domain_data,unchecked,
problem:2021:E:b3da25ee947e,2021,E,2021-E,attachment,no,papers/problems/2021/E/附件1：UWB数据集/附件1：UWB数据集/正常数据/238.正常.txt,txt,35310,9849939ee117d7c49ac5eacac84cd62917f99016d0ab19baa306d24cd9a862d9,text_or_domain_data,unchecked,
problem:2021:E:396ce4465570,2021,E,2021-E,attachment,no,papers/problems/2021/E/附件1：UWB数据集/附件1：UWB数据集/正常数据/239.正常.txt,txt,33726,c89c9a2d04893f31c2efb9c9cb7ce71d0a6f67975e230e98afbcd54e86f81e1d,text_or_domain_data,unchecked,
problem:2021:E:ec271045f269,2021,E,2021-E,attachment,no,papers/problems/2021/E/附件1：UWB数据集/附件1：UWB数据集/正常数据/24.正常.txt,txt,23630,88dc37df39877697a1b6b1e761b9a1dae367c170cbb1089276b214c03e530759,text_or_domain_data,unchecked,
problem:2021:E:e4133d92ed66,2021,E,2021-E,attachment,no,papers/problems/2021/E/附件1：UWB数据集/附件1：UWB数据集/正常数据/240.正常.txt,txt,34670,6db5ac74f83fa11a8dc2e0922fad7ea1eb50c584c321e6de0412ee921be1edf1,text_or_domain_data,unchecked,
problem:2021:E:a0be2201a5cd,2021,E,2021-E,attachment,no,papers/problems/2021/E/附件1：UWB数据集/附件1：UWB数据集/正常数据/241.正常.txt,txt,41526,3748b9beee9faf1ddf270ffb9b2ad03e8a02629c196246ee7ba3f0205a477007,text_or_domain_data,unchecked,
problem:2021:E:66c9534687cc,2021,E,2021-E,attachment,no,papers/problems/2021/E/附件1：UWB数据集/附件1：UWB数据集/正常数据/242.正常.txt,txt,42746,c2e6b5e50b249603d79098cef783ef86db0557697ed267a5ed2c287a62b7ea1e,text_or_domain_data,unchecked,
problem:2021:E:11b2cad6a426,2021,E,2021-E,attachment,no,papers/problems/2021/E/附件1：UWB数据集/附件1：UWB数据集/正常数据/243.正常.txt,txt,37768,91e2c7f973062362d1714c96e82fe0a68d5b894961c8316d05415b09fcab73ad,text_or_domain_data,unchecked,
problem:2021:E:dc88219ba39f,2021,E,2021-E,attachment,no,papers/problems/2021/E/附件1：UWB数据集/附件1：UWB数据集/正常数据/244.正常.txt,txt,44390,6ba9b466a17223872b7e014cbc09a784eec901109b4da2ec84bbdbc9f441aa1e,text_or_domain_data,unchecked,
problem:2021:E:2c5da6855bca,2021,E,2021-E,attachment,no,papers/problems/2021/E/附件1：UWB数据集/附件1：UWB数据集/正常数据/245.正常.txt,txt,35150,14f822c3e51358e3550ad1a97645892566edfdf9dc57d721e5d014f5c898c7a3,text_or_domain_data,unchecked,
problem:2021:E:24e2c3eda808,2021,E,2021-E,attachment,no,papers/problems/2021/E/附件1：UWB数据集/附件1：UWB数据集/正常数据/246.正常.txt,txt,34382,40d43afee1062da54cac864d2ea58ec43637a9f564c7f6b63298450f41720817,text_or_domain_data,unchecked,
problem:2021:E:399511824cee,2021,E,2021-E,attachment,no,papers/problems/2021/E/附件1：UWB数据集/附件1：UWB数据集/正常数据/247.正常.txt,txt,40746,0d6ea87b39522d83e1554a015cdb358d524c86d03703a17bc0704df2906c0df0,text_or_domain_data,unchecked,
problem:2021:E:0493d808384d,2021,E,2021-E,attachment,no,papers/problems/2021/E/附件1：UWB数据集/附件1：UWB数据集/正常数据/248.正常.txt,txt,34190,48e1a477c1cbad2c8b5afab68e043c3de842419995e45874a7124b0cc8ef6f20,text_or_domain_data,unchecked,
problem:2021:E:8fc9d1fb26d6,2021,E,2021-E,attachment,no,papers/problems/2021/E/附件1：UWB数据集/附件1：UWB数据集/正常数据/249.正常.txt,txt,40894,40159083fe4014d8cf09719972aebe1d1b9903674ee107463a391ad9ef955a4b,text_or_domain_data,unchecked,
problem:2021:E:dabe3dac5513,2021,E,2021-E,attachment,no,papers/problems/2021/E/附件1：UWB数据集/附件1：UWB数据集/正常数据/25.正常.txt,txt,26990,d772d800653d0dcc2862246e2bc95e2aa4a84f41a81dcb33c1ffd8407d49b9d8,text_or_domain_data,unchecked,
problem:2021:E:fafa2640f6c3,2021,E,2021-E,attachment,no,papers/problems/2021/E/附件1：UWB数据集/附件1：UWB数据集/正常数据/250.正常.txt,txt,34290,062d942a4e82ed2ddbdf9ed888b49357092b0684ce600783bf2502b765a0fd43,text_or_domain_data,unchecked,
problem:2021:E:c43d5c23ec95,2021,E,2021-E,attachment,no,papers/problems/2021/E/附件1：UWB数据集/附件1：UWB数据集/正常数据/251.正常.txt,txt,35310,5cd90990af3f1d5c4eb56e3aca1d02ecd343dd97982d9d3478592b4ff985d245,text_or_domain_data,unchecked,
problem:2021:E:554e9dc294d8,2021,E,2021-E,attachment,no,papers/problems/2021/E/附件1：UWB数据集/附件1：UWB数据集/正常数据/252.正常.txt,txt,34074,f3543d54b8b13fdeb3674789423f3a140ef1cfad129b423156d6152bc8aa0788,text_or_domain_data,unchecked,
problem:2021:E:a0fad6122b1d,2021,E,2021-E,attachment,no,papers/problems/2021/E/附件1：UWB数据集/附件1：UWB数据集/正常数据/253.正常.txt,txt,36846,6edb419532e4488de5914f76e65029a9de2ee2b5cd484117a0b02c1db60cc117,text_or_domain_data,unchecked,
problem:2021:E:ec949912bf42,2021,E,2021-E,attachment,no,papers/problems/2021/E/附件1：UWB数据集/附件1：UWB数据集/正常数据/254.正常.txt,txt,34190,d1174915b97e00520417388e2e42ccccc5866b1ef327b5ea6398745fff73e722,text_or_domain_data,unchecked,
problem:2021:E:7c34ea3c655c,2021,E,2021-E,attachment,no,papers/problems/2021/E/附件1：UWB数据集/附件1：UWB数据集/正常数据/255.正常.txt,txt,33550,1bfbcb7d25b956c8b1742e7cf8da463badf06bd40d8f457d77e89f5114488d19,text_or_domain_data,unchecked,
problem:2021:E:d43cb308e043,2021,E,2021-E,attachment,no,papers/problems/2021/E/附件1：UWB数据集/附件1：UWB数据集/正常数据/256.正常.txt,txt,36110,eadf3fe5ab3706ee83f51af071b1d48e178e4edb7d12ad3319c4110b82bb57a5,text_or_domain_data,unchecked,
problem:2021:E:da5491da161d,2021,E,2021-E,attachment,no,papers/problems/2021/E/附件1：UWB数据集/附件1：UWB数据集/正常数据/257.正常.txt,txt,35150,9a591389d3aab9276888e6ff35ac6d076ba61ae64e9324d8ba05d5207cbdcbe8,text_or_domain_data,unchecked,
problem:2021:E:694b53234ae5,2021,E,2021-E,attachment,no,papers/problems/2021/E/附件1：UWB数据集/附件1：UWB数据集/正常数据/258.正常.txt,txt,35150,f0bd0d6d121e2732736dc0062f46da8ee27f1ba5edaf3729d3744b5123e9c573,text_or_domain_data,unchecked,
problem:2021:E:8d8687318aa9,2021,E,2021-E,attachment,no,papers/problems/2021/E/附件1：UWB数据集/附件1：UWB数据集/正常数据/259.正常.txt,txt,39498,be33ced3b249baf13b469a7feae2a1e4bd30597314aa1987922bdcd67f69f617,text_or_domain_data,unchecked,
problem:2021:E:3697fcfa1cf4,2021,E,2021-E,attachment,no,papers/problems/2021/E/附件1：UWB数据集/附件1：UWB数据集/正常数据/26.正常.txt,txt,28750,08e554ef10345a4a3400cb3c227c139c57d908e22b41d5653879818d3313c7b2,text_or_domain_data,unchecked,
problem:2021:E:8cbdfe91799a,2021,E,2021-E,attachment,no,papers/problems/2021/E/附件1：UWB数据集/附件1：UWB数据集/正常数据/260.正常.txt,txt,34038,b8516506c5f622cc212ea5b903ca654df560650efad75e5e572d0923b85590a4,text_or_domain_data,unchecked,
problem:2021:E:a07bd6744d29,2021,E,2021-E,attachment,no,papers/problems/2021/E/附件1：UWB数据集/附件1：UWB数据集/正常数据/261.正常.txt,txt,33726,143d8e7dc36a49299cf4dc98c1c9c6ca41c709d213a09ddfc060bc4c4acc2553,text_or_domain_data,unchecked,
problem:2021:E:58c59ac5f977,2021,E,2021-E,attachment,no,papers/problems/2021/E/附件1：UWB数据集/附件1：UWB数据集/正常数据/262.正常.txt,txt,34350,652f64f8a1196a6271ad6df4ea5e90eda7d96bed24448e6e05b59adcb18690a7,text_or_domain_data,unchecked,
problem:2021:E:76eb298cd463,2021,E,2021-E,attachment,no,papers/problems/2021/E/附件1：UWB数据集/附件1：UWB数据集/正常数据/263.正常.txt,txt,43790,718623f9cd6f91292f9d6045250db1f904b84dbb13551e661438ddeb9a9f8b12,text_or_domain_data,unchecked,
problem:2021:E:e56b7391c08d,2021,E,2021-E,attachment,no,papers/problems/2021/E/附件1：UWB数据集/附件1：UWB数据集/正常数据/264.正常.txt,txt,34482,5dadbfb0372bc58c17b5ed405d0ae5c42889f8e56c0b3aaeb0ed639ddee67c68,text_or_domain_data,unchecked,
problem:2021:E:59ac8d9d0a0d,2021,E,2021-E,attachment,no,papers/problems/2021/E/附件1：UWB数据集/附件1：UWB数据集/正常数据/265.正常.txt,txt,32166,7ae0c7d501218f455aebe53f5631987f0e6534d52c556023bcadacaebe9aec42,text_or_domain_data,unchecked,
problem:2021:E:93ec5bb33583,2021,E,2021-E,attachment,no,papers/problems/2021/E/附件1：UWB数据集/附件1：UWB数据集/正常数据/266.正常.txt,txt,43626,178ea659afa427a71f869159c16e9ed409d0362632dbb6fca74100226480d408,text_or_domain_data,unchecked,
problem:2021:E:4be9122b4c88,2021,E,2021-E,attachment,no,papers/problems/2021/E/附件1：UWB数据集/附件1：UWB数据集/正常数据/267.正常.txt,txt,34390,b277530a825f122b03369e0e6db13394c29431ac8b5722b7aef840814e7eb561,text_or_domain_data,unchecked,
problem:2021:E:b3c09d0eaaad,2021,E,2021-E,attachment,no,papers/problems/2021/E/附件1：UWB数据集/附件1：UWB数据集/正常数据/268.正常.txt,txt,34662,af869e529a56469c6f40996e361afda98bbc2f3461fbf073cb18f36301ec2494,text_or_domain_data,unchecked,
problem:2021:E:8c94f7e94d84,2021,E,2021-E,attachment,no,papers/problems/2021/E/附件1：UWB数据集/附件1：UWB数据集/正常数据/269.正常.txt,txt,38030,8f1aa3b0396567fec541c0dfda4ed68dfb1258c4bc142f5d9c5a886b70849686,text_or_domain_data,unchecked,
problem:2021:E:d5c9ebb70d96,2021,E,2021-E,attachment,no,papers/problems/2021/E/附件1：UWB数据集/附件1：UWB数据集/正常数据/27.正常.txt,txt,38990,2b8c9244431e5575c85cc56db802a865a9e1b4ff9770376fb859833e8788df2c,text_or_domain_data,unchecked,
problem:2021:E:932686aaebcc,2021,E,2021-E,attachment,no,papers/problems/2021/E/附件1：UWB数据集/附件1：UWB数据集/正常数据/270.正常.txt,txt,36270,068de60df13967d1996590a6011a20b47b18c520313904e8531e34d7e395aa4a,text_or_domain_data,unchecked,
problem:2021:E:596517983b9a,2021,E,2021-E,attachment,no,papers/problems/2021/E/附件1：UWB数据集/附件1：UWB数据集/正常数据/271.正常.txt,txt,34510,58117652de7af550b538cd23293eda88c0e079f0effac208d15854086a068295,text_or_domain_data,unchecked,
problem:2021:E:450bce5080f2,2021,E,2021-E,attachment,no,papers/problems/2021/E/附件1：UWB数据集/附件1：UWB数据集/正常数据/272.正常.txt,txt,40434,7ca232592bdcc44f2073ef8901e2bd4590755352a4136f0ffec54de48f006887,text_or_domain_data,unchecked,
problem:2021:E:97577e254acd,2021,E,2021-E,attachment,no,papers/problems/2021/E/附件1：UWB数据集/附件1：UWB数据集/正常数据/273.正常.txt,txt,35022,93aff0a458428643455d30e461d47c4058fa4de10937b8f13280f5136acc5fa1,text_or_domain_data,unchecked,
problem:2021:E:9ccf5be899ac,2021,E,2021-E,attachment,no,papers/problems/2021/E/附件1：UWB数据集/附件1：UWB数据集/正常数据/274.正常.txt,txt,38670,1b2968a3a2e60433fbb3677f51e7a524130998fa2c479796304fad87ec73d393,text_or_domain_data,unchecked,
problem:2021:E:6c0c7e7cb7f3,2021,E,2021-E,attachment,no,papers/problems/2021/E/附件1：UWB数据集/附件1：UWB数据集/正常数据/275.正常.txt,txt,33118,a22c775cd3232ed391e5902050de952083adc24d459ae63a687ec18218924f2b,text_or_domain_data,unchecked,
problem:2021:E:53783bdc231a,2021,E,2021-E,attachment,no,papers/problems/2021/E/附件1：UWB数据集/附件1：UWB数据集/正常数据/276.正常.txt,txt,37226,4f2b3cee146f3fc01c2f1d6b95d13c17efeced99e99fb0618b6a5f019267a398,text_or_domain_data,unchecked,
problem:2021:E:d352a7956465,2021,E,2021-E,attachment,no,papers/problems/2021/E/附件1：UWB数据集/附件1：UWB数据集/正常数据/277.正常.txt,txt,34830,abf2ad5ed1d4458e7ab4a6e26c1fbb31c6426db35f4d0ec2bedcf9cada087082,text_or_domain_data,unchecked,
problem:2021:E:77f492517675,2021,E,2021-E,attachment,no,papers/problems/2021/E/附件1：UWB数据集/附件1：UWB数据集/正常数据/278.正常.txt,txt,34646,ba0fa7bb5e3c4aeb67e92f955be7643f50c27072e552d6c5b5c730e759dfaba0,text_or_domain_data,unchecked,
problem:2021:E:3cf13251cfae,2021,E,2021-E,attachment,no,papers/problems/2021/E/附件1：UWB数据集/附件1：UWB数据集/正常数据/279.正常.txt,txt,34974,0a2d49603c4cbbaf1fafea8151646556d2b6afc692c4d8c610ea4ff6ff2a08a4,text_or_domain_data,unchecked,
problem:2021:E:5ee6d0007826,2021,E,2021-E,attachment,no,papers/problems/2021/E/附件1：UWB数据集/附件1：UWB数据集/正常数据/28.正常.txt,txt,33710,fb90af576935cc9add4c17ac99c568049d8b963c291598d582a180454109e2c0,text_or_domain_data,unchecked,
problem:2021:E:049a10478b99,2021,E,2021-E,attachment,no,papers/problems/2021/E/附件1：UWB数据集/附件1：UWB数据集/正常数据/280.正常.txt,txt,40910,4f7fadfea9db76cc895e7fd09665d6bcffb8b2a4c58bca7ec07acbd6e451a8c8,text_or_domain_data,unchecked,
problem:2021:E:c50988834571,2021,E,2021-E,attachment,no,papers/problems/2021/E/附件1：UWB数据集/附件1：UWB数据集/正常数据/281.正常.txt,txt,38874,dd526902799fc38cf2ea7435e8125c8c13bd0e6f7418647535c605fc193bb9a9,text_or_domain_data,unchecked,
problem:2021:E:72651419e165,2021,E,2021-E,attachment,no,papers/problems/2021/E/附件1：UWB数据集/附件1：UWB数据集/正常数据/282.正常.txt,txt,38510,fdf54cdd55a9442c3b47a3855ce287c18f145dbd533b0998a7547898e2e2486e,text_or_domain_data,unchecked,
problem:2021:E:59a7d5d1cbbc,2021,E,2021-E,attachment,no,papers/problems/2021/E/附件1：UWB数据集/附件1：UWB数据集/正常数据/283.正常.txt,txt,36270,44adae7ee81b757b9565770fc590725210bf372cd900d2c02363567ae6a89537,text_or_domain_data,unchecked,
problem:2021:E:dd41040e30cc,2021,E,2021-E,attachment,no,papers/problems/2021/E/附件1：UWB数据集/附件1：UWB数据集/正常数据/284.正常.txt,txt,39498,c8c562d2c0ceef31c96717e15b9ceebb86ec1f4d985abc80a5ba270ecf982156,text_or_domain_data,unchecked,
problem:2021:E:f23979aa2ae8,2021,E,2021-E,attachment,no,papers/problems/2021/E/附件1：UWB数据集/附件1：UWB数据集/正常数据/285.正常.txt,txt,34990,1e7013973cbf0698f71953304e98e7cd67baf67734325599d4fc3a97599383e9,text_or_domain_data,unchecked,
problem:2021:E:2e8cd57482bb,2021,E,2021-E,attachment,no,papers/problems/2021/E/附件1：UWB数据集/附件1：UWB数据集/正常数据/286.正常.txt,txt,34538,5c679100f060f8096635ba275480533f7c7c126edf15b1dc07c9f67256d54a77,text_or_domain_data,unchecked,
problem:2021:E:c66ba583ab7d,2021,E,2021-E,attachment,no,papers/problems/2021/E/附件1：UWB数据集/附件1：UWB数据集/正常数据/287.正常.txt,txt,34030,de8300a295905a2c7cf93bb1e9804a07aca6ee01a990754b02bba6c7117014b0,text_or_domain_data,unchecked,
problem:2021:E:4de717c138da,2021,E,2021-E,attachment,no,papers/problems/2021/E/附件1：UWB数据集/附件1：UWB数据集/正常数据/288.正常.txt,txt,50538,2f656323d26b8903f9cde90f99644b7020b92d4e19c4fcacad166c892805708c,text_or_domain_data,unchecked,
problem:2021:E:a8b948b1aa55,2021,E,2021-E,attachment,no,papers/problems/2021/E/附件1：UWB数据集/附件1：UWB数据集/正常数据/289.正常.txt,txt,42618,efe250bd6ce63bd7ea1fc83bf595b346fd584bae533db4a0c14fd79d6f86d6f4,text_or_domain_data,unchecked,
problem:2021:E:2f2dd5104a0f,2021,E,2021-E,attachment,no,papers/problems/2021/E/附件1：UWB数据集/附件1：UWB数据集/正常数据/29.正常.txt,txt,20674,8e04725983c445d3e63bf968d99bee60653673dc401b8d83e813704daa4c0a48,text_or_domain_data,unchecked,
problem:2021:E:ada1729cf28d,2021,E,2021-E,attachment,no,papers/problems/2021/E/附件1：UWB数据集/附件1：UWB数据集/正常数据/290.正常.txt,txt,30350,2af161f7f886bfe713ed727d7171e063578a49eb6a8575473f990bc74f7305ed,text_or_domain_data,unchecked,
problem:2021:E:de35bc5b7c92,2021,E,2021-E,attachment,no,papers/problems/2021/E/附件1：UWB数据集/附件1：UWB数据集/正常数据/291.正常.txt,txt,35150,495c7f164ce3042c1b817f9306d91b54815435856f1965d0168333e330cdf5a5,text_or_domain_data,unchecked,
problem:2021:E:b0cbf9e5f25a,2021,E,2021-E,attachment,no,papers/problems/2021/E/附件1：UWB数据集/附件1：UWB数据集/正常数据/292.正常.txt,txt,40110,eab4811ee791cf15d9a17672bc750720de73f1d035560ffbe942215e6f567073,text_or_domain_data,unchecked,
problem:2021:E:20a0748f2a1d,2021,E,2021-E,attachment,no,papers/problems/2021/E/附件1：UWB数据集/附件1：UWB数据集/正常数据/293.正常.txt,txt,36842,84b5d45aeb0de8536ec8da646b28c6e0b46a4abef6883c33304faa2d2e465e2a,text_or_domain_data,unchecked,
problem:2021:E:e4382d90cec5,2021,E,2021-E,attachment,no,papers/problems/2021/E/附件1：UWB数据集/附件1：UWB数据集/正常数据/294.正常.txt,txt,44110,e308d7035e6e58cb9bd83af1581b2c458d9ce30ecda8bc6151308872566626a0,text_or_domain_data,unchecked,
problem:2021:E:c57e47c7cb0a,2021,E,2021-E,attachment,no,papers/problems/2021/E/附件1：UWB数据集/附件1：UWB数据集/正常数据/295.正常.txt,txt,35130,03f47c49731799b5c448ee1f94fbfa62868373fe9fd1272b42646e8f9314825d,text_or_domain_data,unchecked,
problem:2021:E:a94b9e100060,2021,E,2021-E,attachment,no,papers/problems/2021/E/附件1：UWB数据集/附件1：UWB数据集/正常数据/296.正常.txt,txt,61770,f2bb20b452711e7b8863896f08a265ba15e905eda3dadf534a51a3d64e1dda5a,text_or_domain_data,unchecked,
problem:2021:E:16c1afd85ef9,2021,E,2021-E,attachment,no,papers/problems/2021/E/附件1：UWB数据集/附件1：UWB数据集/正常数据/297.正常.txt,txt,42190,640a2b48cb109d9e54954900c45d314b9e6a5913b9de93b4b44a3200f4052374,text_or_domain_data,unchecked,
problem:2021:E:ad4960361602,2021,E,2021-E,attachment,no,papers/problems/2021/E/附件1：UWB数据集/附件1：UWB数据集/正常数据/298.正常.txt,txt,33410,ce04c46b7c0690ab2b3cd2bbca8f896f11489a836dcbd013e968550448dfc317,text_or_domain_data,unchecked,
problem:2021:E:d6e8c0058e5f,2021,E,2021-E,attachment,no,papers/problems/2021/E/附件1：UWB数据集/附件1：UWB数据集/正常数据/299.正常.txt,txt,35630,53d8d4670334015593a65d6e1f8bedfd6cca588555e546dd401ad3bd654cc2f9,text_or_domain_data,unchecked,
problem:2021:E:77391c527df6,2021,E,2021-E,attachment,no,papers/problems/2021/E/附件1：UWB数据集/附件1：UWB数据集/正常数据/3.正常.txt,txt,29894,c78047d638362509776dc1f92e75f9866996b6a15bba4111d998db0465767fdb,text_or_domain_data,unchecked,
problem:2021:E:d52b1c3eda96,2021,E,2021-E,attachment,no,papers/problems/2021/E/附件1：UWB数据集/附件1：UWB数据集/正常数据/30.正常.txt,txt,32430,e1bdb93b158c7fc03b90bb50ed426a9dc6818a6fc8f3e4da91784561c0478bf9,text_or_domain_data,unchecked,
problem:2021:E:c44042ed4073,2021,E,2021-E,attachment,no,papers/problems/2021/E/附件1：UWB数据集/附件1：UWB数据集/正常数据/300.正常.txt,txt,56270,75152558c01491a283990b91b5a6978ab74b33a5655c48312a154d06ea604ac6,text_or_domain_data,unchecked,
problem:2021:E:37da9a8321ac,2021,E,2021-E,attachment,no,papers/problems/2021/E/附件1：UWB数据集/附件1：UWB数据集/正常数据/301.正常.txt,txt,54702,75756ba15702eea94be4a0a8768df0681ee9ab9f952761aaa0c2bfaa7f9d96c9,text_or_domain_data,unchecked,
problem:2021:E:c2343d5779bb,2021,E,2021-E,attachment,no,papers/problems/2021/E/附件1：UWB数据集/附件1：UWB数据集/正常数据/302.正常.txt,txt,34830,8306bff2418c38ac17f090100c4d5842cff259a706cbb63b0858fa20fa760620,text_or_domain_data,unchecked,
problem:2021:E:7a440fdc0bcc,2021,E,2021-E,attachment,no,papers/problems/2021/E/附件1：UWB数据集/附件1：UWB数据集/正常数据/303.正常.txt,txt,47298,f3dac3ac3b7c44734028789a6669f9b1c54d095627b43b34af87a248ff7a2512,text_or_domain_data,unchecked,
problem:2021:E:65605a885752,2021,E,2021-E,attachment,no,papers/problems/2021/E/附件1：UWB数据集/附件1：UWB数据集/正常数据/304.正常.txt,txt,57902,c2ae94a06d1a3382c19478b06308361ac932f43d9dbd3bbb35aeb230d5401584,text_or_domain_data,unchecked,
problem:2021:E:dcf04d64577c,2021,E,2021-E,attachment,no,papers/problems/2021/E/附件1：UWB数据集/附件1：UWB数据集/正常数据/305.正常.txt,txt,46190,72cfcb71e89d376326203e8146238ab876c64a583011c54a4727ba9b8aed884c,text_or_domain_data,unchecked,
problem:2021:E:015076461336,2021,E,2021-E,attachment,no,papers/problems/2021/E/附件1：UWB数据集/附件1：UWB数据集/正常数据/306.正常.txt,txt,49790,8addd1fadf58ab74365cbd277a1adaa099fc4533edf6544b55cde88ffc81c241,text_or_domain_data,unchecked,
problem:2021:E:bd54708b6207,2021,E,2021-E,attachment,no,papers/problems/2021/E/附件1：UWB数据集/附件1：UWB数据集/正常数据/307.正常.txt,txt,39302,249b2de81a2d677085c70bdf671088e75a7d0f9d1edb5d2d8a1b6ac6689e3d37,text_or_domain_data,unchecked,
problem:2021:E:a132a23401b8,2021,E,2021-E,attachment,no,papers/problems/2021/E/附件1：UWB数据集/附件1：UWB数据集/正常数据/308.正常.txt,txt,35542,e17f39db43332818c131c6dac774097dbcc0e99f923f86a2232ac7a1ff01f9b2,text_or_domain_data,unchecked,
problem:2021:E:77e8c8ee08ad,2021,E,2021-E,attachment,no,papers/problems/2021/E/附件1：UWB数据集/附件1：UWB数据集/正常数据/309.正常.txt,txt,38002,d9dfa79781e9274c44655321cd6447c69999f59318fd73848dbdf11f99074770,text_or_domain_data,unchecked,
problem:2021:E:f52d7e6dd03f,2021,E,2021-E,attachment,no,papers/problems/2021/E/附件1：UWB数据集/附件1：UWB数据集/正常数据/31.正常.txt,txt,33062,8de025f86c66973e4e2d3ed8a9384b9ad5c0af1a5ff3fdc942dfe391f67be5ed,text_or_domain_data,unchecked,
problem:2021:E:7b5442c79fed,2021,E,2021-E,attachment,no,papers/problems/2021/E/附件1：UWB数据集/附件1：UWB数据集/正常数据/310.正常.txt,txt,41230,3f0d24dce28169ef9a73435bd902debb10b6637d04c86c827523ec8ca12577d0,text_or_domain_data,unchecked,
problem:2021:E:7e77be845c40,2021,E,2021-E,attachment,no,papers/problems/2021/E/附件1：UWB数据集/附件1：UWB数据集/正常数据/311.正常.txt,txt,35666,9e4575d32eeefd318c14c08de6c363ba4038fef0bb06a4d7d3f2d2d7c63bd289,text_or_domain_data,unchecked,
problem:2021:E:18a5f0c4c8c0,2021,E,2021-E,attachment,no,papers/problems/2021/E/附件1：UWB数据集/附件1：UWB数据集/正常数据/312.正常.txt,txt,34730,50ceb3ffde36cbf8880a556a8a51b59ce7e2b9a03a69c956fd5ac5028737f2a9,text_or_domain_data,unchecked,
problem:2021:E:f0431cde4fe4,2021,E,2021-E,attachment,no,papers/problems/2021/E/附件1：UWB数据集/附件1：UWB数据集/正常数据/313.正常.txt,txt,39870,7997ea73efe021081f0881bd5461394af9dea46e77ec193ede6da5c9a7fb744e,text_or_domain_data,unchecked,
problem:2021:E:bc77af907f17,2021,E,2021-E,attachment,no,papers/problems/2021/E/附件1：UWB数据集/附件1：UWB数据集/正常数据/314.正常.txt,txt,37070,2de62a73f2bd069c94a0aa7223d28b2435a2484f283ed495c17c813d77e5e2b5,text_or_domain_data,unchecked,
problem:2021:E:ed3362d8a0f7,2021,E,2021-E,attachment,no,papers/problems/2021/E/附件1：UWB数据集/附件1：UWB数据集/正常数据/315.正常.txt,txt,36134,141565b8d82ef5aa2acd555d234d8bbe71949978084c23fbdb46e53a5cd2c94d,text_or_domain_data,unchecked,
problem:2021:E:861572f0cb3a,2021,E,2021-E,attachment,no,papers/problems/2021/E/附件1：UWB数据集/附件1：UWB数据集/正常数据/316.正常.txt,txt,55708,8bdf60de6f3d58025d1383aee1b16dc0b6e3e1de4b24f915da64d49642d15f47,text_or_domain_data,unchecked,
problem:2021:E:41eadde60bfb,2021,E,2021-E,attachment,no,papers/problems/2021/E/附件1：UWB数据集/附件1：UWB数据集/正常数据/317.正常.txt,txt,40170,586d4a327cbb7bdf350d6b4e8ceef65a2137b2ba8a7c599528ee2d82c6b93f8c,text_or_domain_data,unchecked,
problem:2021:E:805e74d3910d,2021,E,2021-E,attachment,no,papers/problems/2021/E/附件1：UWB数据集/附件1：UWB数据集/正常数据/318.正常.txt,txt,33074,44cf76f645e3018c3187b2e08fa2e8b357818960d4f6905d16aba6df23a43d68,text_or_domain_data,unchecked,
problem:2021:E:2936e75eff2b,2021,E,2021-E,attachment,no,papers/problems/2021/E/附件1：UWB数据集/附件1：UWB数据集/正常数据/319.正常.txt,txt,36130,175dd011827751352c0d8951e6091ef75873fb8adc6c4d068866034a88c05ada,text_or_domain_data,unchecked,
problem:2021:E:889c42608dd4,2021,E,2021-E,attachment,no,papers/problems/2021/E/附件1：UWB数据集/附件1：UWB数据集/正常数据/32.正常.txt,txt,32634,6bb50d4e96ca66cec2fff0527ad69f3c228c685e3292a29beefcc66c37bbcc79,text_or_domain_data,unchecked,
problem:2021:E:f32d7da905d9,2021,E,2021-E,attachment,no,papers/problems/2021/E/附件1：UWB数据集/附件1：UWB数据集/正常数据/320.正常.txt,txt,34046,7635e0106b2b977e451ebeabb7ec8ac05d94524a09fd92df51c7b17aa7935c43,text_or_domain_data,unchecked,
problem:2021:E:05151bf31ab0,2021,E,2021-E,attachment,no,papers/problems/2021/E/附件1：UWB数据集/附件1：UWB数据集/正常数据/321.正常.txt,txt,44090,ab2fae0a63f65e56f8842ae086944b229b2f81bc01c2b56afb7dcabf1eed9157,text_or_domain_data,unchecked,
problem:2021:E:e8ce0a5a1b7b,2021,E,2021-E,attachment,no,papers/problems/2021/E/附件1：UWB数据集/附件1：UWB数据集/正常数据/322.正常.txt,txt,33662,85f2f6c9364322acdc1561835b82522e29d2ec09c39abe01a79bfa939e552d72,text_or_domain_data,unchecked,
problem:2021:E:a55ac9f3b411,2021,E,2021-E,attachment,no,papers/problems/2021/E/附件1：UWB数据集/附件1：UWB数据集/正常数据/323.正常.txt,txt,41390,c99651808aabc40080e208d98db06197c68d72c8d688f9fb3b9a33a6a59a8c26,text_or_domain_data,unchecked,
problem:2021:E:2de4ec3f3e7e,2021,E,2021-E,attachment,no,papers/problems/2021/E/附件1：UWB数据集/附件1：UWB数据集/正常数据/324.正常.txt,txt,38814,866a2cbd66b0bc6f846268796e5506777e5e649e1e03bc9623a29db511607e9d,text_or_domain_data,unchecked,
problem:2021:E:a3e5f6ac6961,2021,E,2021-E,attachment,no,papers/problems/2021/E/附件1：UWB数据集/附件1：UWB数据集/正常数据/33.正常.txt,txt,41682,159a3a5b56e68ee5417b68895d5e6655ee0ffcc89def0790b916865b5f9af376,text_or_domain_data,unchecked,
problem:2021:E:12c4db8e5390,2021,E,2021-E,attachment,no,papers/problems/2021/E/附件1：UWB数据集/附件1：UWB数据集/正常数据/34.正常.txt,txt,28750,a6044f0d798732a5f8a47d44bcbad04e6bb529c6463496aee5e869c33a3707f2,text_or_domain_data,unchecked,
problem:2021:E:9e0b56c002d1,2021,E,2021-E,attachment,no,papers/problems/2021/E/附件1：UWB数据集/附件1：UWB数据集/正常数据/35.正常.txt,txt,32110,67c98fbce85425486d15cbd14d8b2eed2aada4cf3b9862b797a2f1d247109ac4,text_or_domain_data,unchecked,
problem:2021:E:9e042994bff3,2021,E,2021-E,attachment,no,papers/problems/2021/E/附件1：UWB数据集/附件1：UWB数据集/正常数据/36.正常.txt,txt,61046,da5cd9d2c829cc88df84a5c5e876e2d714fcd9212f7be451834a66e6762dd94a,text_or_domain_data,unchecked,
problem:2021:E:3ac96ac93706,2021,E,2021-E,attachment,no,papers/problems/2021/E/附件1：UWB数据集/附件1：UWB数据集/正常数据/37.正常.txt,txt,25590,14cdc53017a456292cc2b31966fb5be209ba0b0fa81051bf04f1f7c4bf6efd3d,text_or_domain_data,unchecked,
problem:2021:E:36ae99f94bd3,2021,E,2021-E,attachment,no,papers/problems/2021/E/附件1：UWB数据集/附件1：UWB数据集/正常数据/38.正常.txt,txt,30314,7cbda5ddce017df78625c3aca948269fe99c1620babdbc35a3bba09452e971f0,text_or_domain_data,unchecked,
problem:2021:E:71d6dc42abfb,2021,E,2021-E,attachment,no,papers/problems/2021/E/附件1：UWB数据集/附件1：UWB数据集/正常数据/39.正常.txt,txt,25494,6f9d74f583787ec937e371fc6fae887378cd401e2686b0d97ffe4b7e1317eece,text_or_domain_data,unchecked,
problem:2021:E:c020672403da,2021,E,2021-E,attachment,no,papers/problems/2021/E/附件1：UWB数据集/附件1：UWB数据集/正常数据/4.正常.txt,txt,30830,146ab6e2eaaa7f03016ba2f20b3bb325d60e1b41f38b2d3b7dca93746aebca3a,text_or_domain_data,unchecked,
problem:2021:E:24cccfc37350,2021,E,2021-E,attachment,no,papers/problems/2021/E/附件1：UWB数据集/附件1：UWB数据集/正常数据/40.正常.txt,txt,34322,1900dcc287ad1d4e60a35e3a81dc65fb409e11c88a66b224c225ee3c2836b346,text_or_domain_data,unchecked,
problem:2021:E:8b981c205b67,2021,E,2021-E,attachment,no,papers/problems/2021/E/附件1：UWB数据集/附件1：UWB数据集/正常数据/41.正常.txt,txt,22858,4ddb17926ddb0dd18fbf7a595a1137ba56dde3111675b8a19586eeaa4663b973,text_or_domain_data,unchecked,
problem:2021:E:737ed6c4cf03,2021,E,2021-E,attachment,no,papers/problems/2021/E/附件1：UWB数据集/附件1：UWB数据集/正常数据/42.正常.txt,txt,27950,04cd1481ddcf592a7a442d6161db1f9299221675714133b1e4543cf42c895771,text_or_domain_data,unchecked,
problem:2021:E:bc5659d64e41,2021,E,2021-E,attachment,no,papers/problems/2021/E/附件1：UWB数据集/附件1：UWB数据集/正常数据/43.正常.txt,txt,31698,0c2d41f605b86b4676f08dcddde412e7402f604b8b3c1dbde21fcdc4dcb75c62,text_or_domain_data,unchecked,
problem:2021:E:4cad6e48b4e7,2021,E,2021-E,attachment,no,papers/problems/2021/E/附件1：UWB数据集/附件1：UWB数据集/正常数据/44.正常.txt,txt,37310,ea91c8a99a050af7fe4bb6c5dc1fbfe1e55e5eeacc4eeb4eba8bca8d1ace0c01,text_or_domain_data,unchecked,
problem:2021:E:35864340aaa6,2021,E,2021-E,attachment,no,papers/problems/2021/E/附件1：UWB数据集/附件1：UWB数据集/正常数据/45.正常.txt,txt,24362,5b5c41fd391df86b6b8484e0bf2ead69ceac1771892f619f3f82ac673073df0f,text_or_domain_data,unchecked,
problem:2021:E:fcd9fc0feded,2021,E,2021-E,attachment,no,papers/problems/2021/E/附件1：UWB数据集/附件1：UWB数据集/正常数据/46.正常.txt,txt,26918,d917974a04e8445d60059605059f0800ecd5fb347289d2dcbdfcad328882cbe6,text_or_domain_data,unchecked,
problem:2021:E:353e4279545b,2021,E,2021-E,attachment,no,papers/problems/2021/E/附件1：UWB数据集/附件1：UWB数据集/正常数据/47.正常.txt,txt,32478,3960920b52249a328da6c2bf16ccfd9ebfe86c7599814ce54512814112a57789,text_or_domain_data,unchecked,
problem:2021:E:099db8dc597d,2021,E,2021-E,attachment,no,papers/problems/2021/E/附件1：UWB数据集/附件1：UWB数据集/正常数据/48.正常.txt,txt,32186,bfd1d6167d029e2c556574966936ec0b3ee4188e7587b4b7a50ecd8e747e4373,text_or_domain_data,unchecked,
problem:2021:E:c9a9b4311528,2021,E,2021-E,attachment,no,papers/problems/2021/E/附件1：UWB数据集/附件1：UWB数据集/正常数据/49.正常.txt,txt,32790,341b1c289a48da2a30031d16d3e4202571ef6b567ae7364b9c4ac922e64bff6c,text_or_domain_data,unchecked,
problem:2021:E:7835e60b99a2,2021,E,2021-E,attachment,no,papers/problems/2021/E/附件1：UWB数据集/附件1：UWB数据集/正常数据/5.正常.txt,txt,36374,a04a9d7de91541acc2cfe64f82382d446697cbdea73f32dba4122153c04a3383,text_or_domain_data,unchecked,
problem:2021:E:61a6157b666e,2021,E,2021-E,attachment,no,papers/problems/2021/E/附件1：UWB数据集/附件1：UWB数据集/正常数据/50.正常.txt,txt,36346,f5a6d7ed22cbd9f72b1f615b9bac178f25c6ea83448bf3725762586517018ba9,text_or_domain_data,unchecked,
problem:2021:E:f7b94405c618,2021,E,2021-E,attachment,no,papers/problems/2021/E/附件1：UWB数据集/附件1：UWB数据集/正常数据/51.正常.txt,txt,23950,028e1aed3c4605b548016ce74b067d1f28e83f0a8ea6913b5e4faf2917dd2376,text_or_domain_data,unchecked,
problem:2021:E:36cdc610a475,2021,E,2021-E,attachment,no,papers/problems/2021/E/附件1：UWB数据集/附件1：UWB数据集/正常数据/52.正常.txt,txt,24590,b8b8a9c426d0dc6ad87e36682fab0a6ca4d5f2f7bf98cd699831f09bd4e5297e,text_or_domain_data,unchecked,
problem:2021:E:0497ac1e4834,2021,E,2021-E,attachment,no,papers/problems/2021/E/附件1：UWB数据集/附件1：UWB数据集/正常数据/53.正常.txt,txt,23950,2cca75d1cf42987f433d33a338803c1b46791138d94c8eb5339f19152c20d335,text_or_domain_data,unchecked,
problem:2021:E:222b5d635f1c,2021,E,2021-E,attachment,no,papers/problems/2021/E/附件1：UWB数据集/附件1：UWB数据集/正常数据/54.正常.txt,txt,27646,f70a683b4b827a148500f4c9969dcd8cf712be5bdfdab2d70731b8954cc55e89,text_or_domain_data,unchecked,
problem:2021:E:e70731ca7fdd,2021,E,2021-E,attachment,no,papers/problems/2021/E/附件1：UWB数据集/附件1：UWB数据集/正常数据/55.正常.txt,txt,26522,de621e91e6e72ebf33125d7811a6895c0bd04ac0052ff1797458d67b97ff155f,text_or_domain_data,unchecked,
problem:2021:E:eb76674ca423,2021,E,2021-E,attachment,no,papers/problems/2021/E/附件1：UWB数据集/附件1：UWB数据集/正常数据/56.正常.txt,txt,26274,df59fcdba56227d89914471a4ba3a66a88b5728d431de04252ea1822b7357812,text_or_domain_data,unchecked,
problem:2021:E:4882b95522b2,2021,E,2021-E,attachment,no,papers/problems/2021/E/附件1：UWB数据集/附件1：UWB数据集/正常数据/57.正常.txt,txt,28458,90bd3bea4a6f3445d2c9b96638b320cc5c1414a2eb530d840d55b1d81c72219d,text_or_domain_data,unchecked,
problem:2021:E:909029e5ac35,2021,E,2021-E,attachment,no,papers/problems/2021/E/附件1：UWB数据集/附件1：UWB数据集/正常数据/58.正常.txt,txt,34662,7166fc301f27ec786dc78a1c5fd14f7cecc79128b5a883e438ec267494ef48ff,text_or_domain_data,unchecked,
problem:2021:E:c97ba8a6337e,2021,E,2021-E,attachment,no,papers/problems/2021/E/附件1：UWB数据集/附件1：UWB数据集/正常数据/59.正常.txt,txt,25174,5e7c53903b9f55866e9d61eb0d2c823de8c268aa101eca0e35d425c7a6645b5b,text_or_domain_data,unchecked,
problem:2021:E:1da9f2561cb9,2021,E,2021-E,attachment,no,papers/problems/2021/E/附件1：UWB数据集/附件1：UWB数据集/正常数据/6.正常.txt,txt,40346,f648fc704b039146cb5362c60fd5bba1589e3527f600832fd71f2a83c18fec53,text_or_domain_data,unchecked,
problem:2021:E:e4ca2520943b,2021,E,2021-E,attachment,no,papers/problems/2021/E/附件1：UWB数据集/附件1：UWB数据集/正常数据/60.正常.txt,txt,25326,ed398e19c6897cf3bfa26f1316ef3cf14f20b552a628f95372d2575104693119,text_or_domain_data,unchecked,
problem:2021:E:a9f20e6ff775,2021,E,2021-E,attachment,no,papers/problems/2021/E/附件1：UWB数据集/附件1：UWB数据集/正常数据/61.正常.txt,txt,25950,f4614d72c840eec24b19f1adc7779fcf00eee0ef60978f22b3b1a7e4dd341432,text_or_domain_data,unchecked,
problem:2021:E:f0bb10496cb0,2021,E,2021-E,attachment,no,papers/problems/2021/E/附件1：UWB数据集/附件1：UWB数据集/正常数据/62.正常.txt,txt,26110,a97c001d8ad3b3f66834dcdecbccb30cab566469f86f7b9ae5de20ec49282879,text_or_domain_data,unchecked,
problem:2021:E:4e6ea41964e5,2021,E,2021-E,attachment,no,papers/problems/2021/E/附件1：UWB数据集/附件1：UWB数据集/正常数据/63.正常.txt,txt,29178,d46efdb79214948d5b7b3dbeaf237943de62bf60932a689a50b41ca022294b34,text_or_domain_data,unchecked,
problem:2021:E:c746aeb0d9fc,2021,E,2021-E,attachment,no,papers/problems/2021/E/附件1：UWB数据集/附件1：UWB数据集/正常数据/64.正常.txt,txt,30550,a938d39af20b2458a70978a94fcf234dbed7ee213caad6d2d2bc40d0c9daf72f,text_or_domain_data,unchecked,
problem:2021:E:b312ee2af2cf,2021,E,2021-E,attachment,no,papers/problems/2021/E/附件1：UWB数据集/附件1：UWB数据集/正常数据/65.正常.txt,txt,26014,19f6c58bbb14924df3524ecabc5a3de0f358d3c658d3ba0395f64ab42ff3bcf1,text_or_domain_data,unchecked,
problem:2021:E:bc4592d7e71b,2021,E,2021-E,attachment,no,papers/problems/2021/E/附件1：UWB数据集/附件1：UWB数据集/正常数据/66.正常.txt,txt,34354,1d09d5ae79663a9a751200aaefe745469a5ffc1702b713704e554ccc86eb9723,text_or_domain_data,unchecked,
problem:2021:E:b3bd4c8ba3c7,2021,E,2021-E,attachment,no,papers/problems/2021/E/附件1：UWB数据集/附件1：UWB数据集/正常数据/67.正常.txt,txt,19286,30af48f95ebe694d51a9066f5258bb10f5a30ae5c7330cd18a6b31bf5f1e93e7,text_or_domain_data,unchecked,
problem:2021:E:7cfadaa88025,2021,E,2021-E,attachment,no,papers/problems/2021/E/附件1：UWB数据集/附件1：UWB数据集/正常数据/68.正常.txt,txt,28750,38922537bbcd69e4364dec747e58d4ae8590f320fb8e83a159b5b762f657f320,text_or_domain_data,unchecked,
problem:2021:E:7ec522e855ec,2021,E,2021-E,attachment,no,papers/problems/2021/E/附件1：UWB数据集/附件1：UWB数据集/正常数据/69.正常.txt,txt,38406,4d7d94a154dba368fc860eb50963ee7222c2e86fdee0214e7003426bf290b446,text_or_domain_data,unchecked,
problem:2021:E:9876f65352ab,2021,E,2021-E,attachment,no,papers/problems/2021/E/附件1：UWB数据集/附件1：UWB数据集/正常数据/7.正常.txt,txt,42770,bc29d2d7b4934df9dde1ac3fc8c07632552d84e170009eb16d4c28d8cbe6ef17,text_or_domain_data,unchecked,
problem:2021:E:a6a1917983df,2021,E,2021-E,attachment,no,papers/problems/2021/E/附件1：UWB数据集/附件1：UWB数据集/正常数据/70.正常.txt,txt,22186,fbd3ed73574524bae1a5bce912da551cf5e3280da19635b3df6081d94718a40b,text_or_domain_data,unchecked,
problem:2021:E:ae5111510d00,2021,E,2021-E,attachment,no,papers/problems/2021/E/附件1：UWB数据集/附件1：UWB数据集/正常数据/71.正常.txt,txt,31310,eb63742af953995f55e613a5d2f65c7e60cc5188d2f9c2e91f48b0fa821cbd4b,text_or_domain_data,unchecked,
problem:2021:E:9c0c4cae53e5,2021,E,2021-E,attachment,no,papers/problems/2021/E/附件1：UWB数据集/附件1：UWB数据集/正常数据/72.正常.txt,txt,24682,bc547283f3f326810759e9a4e061790b90f3dac8e8513c56b66b1306b88949ae,text_or_domain_data,unchecked,
problem:2021:E:13c2b9a2c61a,2021,E,2021-E,attachment,no,papers/problems/2021/E/附件1：UWB数据集/附件1：UWB数据集/正常数据/73.正常.txt,txt,30138,a0b44d52ff7b5fd78eae2b972194aab229563111800774e1ba236e580903ad92,text_or_domain_data,unchecked,
problem:2021:E:90db2bcbce48,2021,E,2021-E,attachment,no,papers/problems/2021/E/附件1：UWB数据集/附件1：UWB数据集/正常数据/74.正常.txt,txt,39030,cafa3864f61e703a185e105842d1f680bb57e016b22086ea3dd1c0b8c540f7c4,text_or_domain_data,unchecked,
problem:2021:E:3a131c207096,2021,E,2021-E,attachment,no,papers/problems/2021/E/附件1：UWB数据集/附件1：UWB数据集/正常数据/75.正常.txt,txt,22094,235d20e9e2b8f4fdd35f04d9796139a785ef1614d544bdf2871a64ba52a12d86,text_or_domain_data,unchecked,
problem:2021:E:a116a5d06f18,2021,E,2021-E,attachment,no,papers/problems/2021/E/附件1：UWB数据集/附件1：UWB数据集/正常数据/76.正常.txt,txt,16770,653c12a72d63e6ffe2dab00b595ad91da5b6fb016feacfc2a0db100e85c86596,text_or_domain_data,unchecked,
problem:2021:E:d2af1077277f,2021,E,2021-E,attachment,no,papers/problems/2021/E/附件1：UWB数据集/附件1：UWB数据集/正常数据/77.正常.txt,txt,26670,7a5a39cffa8bfe641b7a2758b59eef7b433a6bf621570807c7e6aa1ea5a1a97d,text_or_domain_data,unchecked,
problem:2021:E:07b2b02b84b8,2021,E,2021-E,attachment,no,papers/problems/2021/E/附件1：UWB数据集/附件1：UWB数据集/正常数据/78.正常.txt,txt,25398,9c4c6eeee9d77d69cf5f83d7ba53cb69fb664fba900cc036b853aad115555edb,text_or_domain_data,unchecked,
problem:2021:E:0c51bc76c65a,2021,E,2021-E,attachment,no,papers/problems/2021/E/附件1：UWB数据集/附件1：UWB数据集/正常数据/79.正常.txt,txt,19954,36d6da7f35f7354890c298859d9b8170af9af50cf0e5812219d7b47fabf27627,text_or_domain_data,unchecked,
problem:2021:E:1c5ec0ca8591,2021,E,2021-E,attachment,no,papers/problems/2021/E/附件1：UWB数据集/附件1：UWB数据集/正常数据/8.正常.txt,txt,47990,86d625da5119d275a98b506fe47343f8023d05b5677035d8a53504dc3f587088,text_or_domain_data,unchecked,
problem:2021:E:49294af37268,2021,E,2021-E,attachment,no,papers/problems/2021/E/附件1：UWB数据集/附件1：UWB数据集/正常数据/80.正常.txt,txt,22670,4015e8590566df1ae8a9e0998d50e815be54c954c37138dab361fb0fe11995ac,text_or_domain_data,unchecked,
problem:2021:E:cafb2317ea7b,2021,E,2021-E,attachment,no,papers/problems/2021/E/附件1：UWB数据集/附件1：UWB数据集/正常数据/81.正常.txt,txt,25820,f0a29c13eadf3f11b9edc1abecf6bf76fa28fdd66006be9be917cd0219054455,text_or_domain_data,unchecked,
problem:2021:E:9e72ff4286b5,2021,E,2021-E,attachment,no,papers/problems/2021/E/附件1：UWB数据集/附件1：UWB数据集/正常数据/82.正常.txt,txt,27744,1a4caa5917f066313c999f91f8d2d52691fc8ea1135c9349bf4af000b2a7bd36,text_or_domain_data,unchecked,
problem:2021:E:05fe4228ea28,2021,E,2021-E,attachment,no,papers/problems/2021/E/附件1：UWB数据集/附件1：UWB数据集/正常数据/83.正常.txt,txt,33068,221cba24a05fa3ad434ba35bedaede4531c0ab53469dafc2f7e49275621dfa8e,text_or_domain_data,unchecked,
problem:2021:E:75bcbc489d7c,2021,E,2021-E,attachment,no,papers/problems/2021/E/附件1：UWB数据集/附件1：UWB数据集/正常数据/84.正常.txt,txt,33486,e4dab6dad9343a3405fcff64815d95a37e43de45cb40814d25c7a58a4fbe5f83,text_or_domain_data,unchecked,
problem:2021:E:af2aece14d67,2021,E,2021-E,attachment,no,papers/problems/2021/E/附件1：UWB数据集/附件1：UWB数据集/正常数据/85.正常.txt,txt,41594,f3101dad7692131d76061385a8e252c896835825c1cfac7b7fc7bdc893107a2b,text_or_domain_data,unchecked,
problem:2021:E:c43563933a4b,2021,E,2021-E,attachment,no,papers/problems/2021/E/附件1：UWB数据集/附件1：UWB数据集/正常数据/86.正常.txt,txt,35762,61f21b477237462a47222f62664517cb4f8d30d90916e85eef151091525f5936,text_or_domain_data,unchecked,
problem:2021:E:b89afae999fa,2021,E,2021-E,attachment,no,papers/problems/2021/E/附件1：UWB数据集/附件1：UWB数据集/正常数据/87.正常.txt,txt,42570,89e64b5ec2fa21fdfaf1137a2074b087d21742330eea403d2b20cb7dc2c28e32,text_or_domain_data,unchecked,
problem:2021:E:f514f8f07b4a,2021,E,2021-E,attachment,no,papers/problems/2021/E/附件1：UWB数据集/附件1：UWB数据集/正常数据/88.正常.txt,txt,38162,cc6ae45f4ed88b5f0996b80e2ca694d3daed18c39ec6ab0a05a511977bf97318,text_or_domain_data,unchecked,
problem:2021:E:342c99fe9faf,2021,E,2021-E,attachment,no,papers/problems/2021/E/附件1：UWB数据集/附件1：UWB数据集/正常数据/89.正常.txt,txt,38946,50301b135a0ba5b649defc90942dce289d9d9878a2dd6cac4da9d3c229dada73,text_or_domain_data,unchecked,
problem:2021:E:4e4342b0e7c9,2021,E,2021-E,attachment,no,papers/problems/2021/E/附件1：UWB数据集/附件1：UWB数据集/正常数据/9.正常.txt,txt,47210,c5ad504eadd6f5414fbdb93cc6df5b19cd18679758927e2878c7878f4e5a676d,text_or_domain_data,unchecked,
problem:2021:E:a51d122fdafa,2021,E,2021-E,attachment,no,papers/problems/2021/E/附件1：UWB数据集/附件1：UWB数据集/正常数据/90.正常.txt,txt,43366,5d31411e6f59c51e2a8a3522f9b8cbcb0a24e8214313fdce5497609543af682d,text_or_domain_data,unchecked,
problem:2021:E:ba8aea1fcc98,2021,E,2021-E,attachment,no,papers/problems/2021/E/附件1：UWB数据集/附件1：UWB数据集/正常数据/91.正常.txt,txt,42150,459a30a7b28024c4b4516bd1a23e750d39f71bb967df596b1a2a4614b44658c3,text_or_domain_data,unchecked,
problem:2021:E:83a62ec80713,2021,E,2021-E,attachment,no,papers/problems/2021/E/附件1：UWB数据集/附件1：UWB数据集/正常数据/92.正常.txt,txt,37890,1b17675ddd88d3ced4dd1b6abba3916ff7a72949e2f494e3f279c9c606738aa2,text_or_domain_data,unchecked,
problem:2021:E:92cb17928465,2021,E,2021-E,attachment,no,papers/problems/2021/E/附件1：UWB数据集/附件1：UWB数据集/正常数据/93.正常.txt,txt,52018,1a0f5e8aa9fc0782519e4096a83ffe2996e9dfc2aaf7d37f0646bd5093162a37,text_or_domain_data,unchecked,
problem:2021:E:86372d3811a2,2021,E,2021-E,attachment,no,papers/problems/2021/E/附件1：UWB数据集/附件1：UWB数据集/正常数据/94.正常.txt,txt,30114,5fb91268c11bf41ec4f767b239f1cc38d4f9ff83f5992ca945c17756d2be42d7,text_or_domain_data,unchecked,
problem:2021:E:6e18d78f9f7c,2021,E,2021-E,attachment,no,papers/problems/2021/E/附件1：UWB数据集/附件1：UWB数据集/正常数据/95.正常.txt,txt,35666,e787097eef915d744e51b78310609f3fb3bf9649c8254294fe8011b63a2da9c9,text_or_domain_data,unchecked,
problem:2021:E:ef3fdaf80f04,2021,E,2021-E,attachment,no,papers/problems/2021/E/附件1：UWB数据集/附件1：UWB数据集/正常数据/96.正常.txt,txt,45986,a715160bc39ea88549c91f6c5fa2b414beaac7f93d8cfcfa204fb92ef742ba2a,text_or_domain_data,unchecked,
problem:2021:E:93edc32f3bca,2021,E,2021-E,attachment,no,papers/problems/2021/E/附件1：UWB数据集/附件1：UWB数据集/正常数据/97.正常.txt,txt,42302,88c3ec675ad170de0c60ad00b361c8dab4f8add75e358d8f9cd44774f7d1fac7,text_or_domain_data,unchecked,
problem:2021:E:50222a92466a,2021,E,2021-E,attachment,no,papers/problems/2021/E/附件1：UWB数据集/附件1：UWB数据集/正常数据/98.正常.txt,txt,37766,052c641dddcb8b252e477a0731052d8c1cbf6305908f5fe4484c0c986ee43a30,text_or_domain_data,unchecked,
problem:2021:E:7293977ea551,2021,E,2021-E,attachment,no,papers/problems/2021/E/附件1：UWB数据集/附件1：UWB数据集/正常数据/99.正常.txt,txt,57710,a8a8ed97f7b0eef3ddaee5c663fe931eb84b1175391c5adb101cca90b1091d8c,text_or_domain_data,unchecked,
problem:2021:E:77c5cdfd9fbf,2021,E,2021-E,attachment,no,papers/problems/2021/E/附件2：测试集（实验场景1）.doc,doc,33792,eb1b87f999ca283d05f8b5ab458d8276c2a8a5c9f00b83f4179487fd3997a6a0,OLE compound document,ok,
problem:2021:E:ae2248147070,2021,E,2021-E,attachment,no,papers/problems/2021/E/附件3：测试集（实验场景2）.doc,doc,33280,c5d322443a0bb9da15c511f13f6d8f3c66c5ebab01e6cfc55722154962ae8aea,OLE compound document,ok,
problem:2021:E:13c886a50874,2021,E,2021-E,attachment,no,papers/problems/2021/E/附件4：测试集（实验场景1）.doc,doc,31744,63d2cc794cfdfcd22318b51e3d570f5813cb0cca8a22ebd9b8afb08de064ead1,OLE compound document,ok,
problem:2021:E:ce5264100cc1,2021,E,2021-E,attachment,no,papers/problems/2021/E/附件5：动态轨迹数据.txt,txt,83192,e2ff9272b4473622728a72c310b489735263e62ce676fe93b295f0a1494b3b39,text_or_domain_data,unchecked,
problem:2022:C:e967cead4b6c,2022,C,2022-C,statement_or_supplement,no,papers/problems/2022/C/汽车制造公司涂装-总装缓存区调序调度优化问题.docx,docx,388087,157226574e34a5a02fc805ff1c0db400a2e28aa3c40c63a75582fd27f83e7c55,OOXML,ok,
problem:2022:C:c04b1bdfc07e,2022,C,2022-C,attachment,no,papers/problems/2022/C/附件1.xlsx,xlsx,15262,6e972f0a62f61e88bec60d36d2f63c79060d88146ce3844198ea7c32cad93459,OOXML,ok,
problem:2022:C:27c0b66baefe,2022,C,2022-C,attachment,no,papers/problems/2022/C/附件2.xlsx,xlsx,15402,e379230b44ec24fff254515d1ddcf1489fdc6adc596c03434212ea015521460b,OOXML,ok,
problem:2022:C:5990a280dbff,2022,C,2022-C,attachment,no,papers/problems/2022/C/附件3.xlsx,xlsx,10138,44b2f6d99ef57f1792fc7205716c1bcdf49d183dbd5e014bc5bb01e19a63eb37,OOXML,ok,
problem:2022:C:0a913db94ee2,2022,C,2022-C,attachment,no,papers/problems/2022/C/附件4.xlsx,xlsx,9196,adaca8aeeb3bf85b8928506d511cb691d1717d9ad3451a0756116a052c600679,OOXML,ok,
problem:2022:D:e8c4599db332,2022,D,2022-D,statement_or_supplement,no,papers/problems/2022/D/PISA架构芯片资源排布问题.docx,docx,145694,ae01f7d2c3342880c1ba26f4c329e6bd77ce63f135e992285b453cc2b6a0ddca,OOXML,ok,
problem:2022:D:bd364bb5a890,2022,D,2022-D,attachment,no,papers/problems/2022/D/attachment1.csv,csv,7231,ab004621c959ec1202887706907c4f827f07ca3fca6a448bcdc34fcef6761c62,text_or_domain_data,unchecked,
problem:2022:D:7882873812de,2022,D,2022-D,attachment,no,papers/problems/2022/D/attachment2.csv,csv,25204,8abfdbc6eaf6e175f8dc7ea5cfa1b919fca50ba1d25a886c37f6178d9ac4bdb4,text_or_domain_data,unchecked,
problem:2022:D:6e5175fd5830,2022,D,2022-D,attachment,no,papers/problems/2022/D/attachment3.csv,csv,5919,ad8402d0acd652dd99b25d1340f990ec4a9b71158f9b52b9f09fbf5b96c42505,text_or_domain_data,unchecked,
problem:2022:E:794cca559501,2022,E,2022-E,attachment,no,papers/problems/2022/E/数据集/基本数据/地图.jfif,jfif,59024,064006d8cd843e27a94a6a24d8eddb03d542a9f2fffe6a1657295ba9099b26a2,JPEG,ok,
problem:2022:E:9b3c11f691a4,2022,E,2022-E,attachment,no,papers/problems/2022/E/数据集/基本数据/附件10、叶面积指数（LAI）2012-2022年.xls,xls,32768,223d357a3fddde554e5b7db0992837cec27746f26ef8346cac78c83ca84c506e,OLE compound document,ok,
problem:2022:E:b7c29c774d5f,2022,E,2022-E,attachment,no,papers/problems/2022/E/数据集/基本数据/附件11、一些历史数据.xls,xls,18944,9f6bf4ba25bad6de995530a7af6342f9eafef0d07b7635194e1b74d2bf50d402,OLE compound document,ok,
problem:2022:E:b81d8cac8b31,2022,E,2022-E,attachment,no,papers/problems/2022/E/数据集/基本数据/附件1、锡林格勒草原概况.doc,doc,28160,91920446aa6911fd8366c0ebb8f4e1f31a18fad6b6409b918ccd34e053e05441,OLE compound document,ok,
problem:2022:E:14ecb466396d,2022,E,2022-E,attachment,no,papers/problems/2022/E/数据集/基本数据/附件2、锡林郭勒统计年鉴（2016-2021）/锡林郭勒盟统计年鉴2016.pdf,pdf,16156344,121059e27bcbd26f31da82798fd8b76ed7fcfc0b7b673635d7eaee41f2a50023,PDF,ok,
problem:2022:E:ee248f39cc73,2022,E,2022-E,attachment,no,papers/problems/2022/E/数据集/基本数据/附件2、锡林郭勒统计年鉴（2016-2021）/锡林郭勒统计年鉴2017/2017年鉴/第一部分：特载/2016年锡盟公报.doc,doc,517120,38e360f9e9134a042c76a3310db269757e14d9b3de39e970f002a4119e176d33,OLE compound document,ok,
problem:2022:E:723c4ed55ceb,2022,E,2022-E,attachment,no,papers/problems/2022/E/数据集/基本数据/附件2、锡林郭勒统计年鉴（2016-2021）/锡林郭勒统计年鉴2017/2017年鉴/第一部分：特载/党政领导讲话 (1).txt,txt,69926,654cba6e7dbea0b2f9a0efa7ff40c8a9c33cc93fe424465af92fe054254a0002,text_or_domain_data,unchecked,
problem:2022:E:0294c2e4e8f7,2022,E,2022-E,attachment,no,"papers/problems/2022/E/数据集/基本数据/附件2、锡林郭勒统计年鉴（2016-2021）/锡林郭勒统计年鉴2017/2017年鉴/第二部分：全盟篇/10、运输和邮电业/10-1,6.xls",xls,58368,8c0a5d5df32ea4b55b6523fbb2d16512ca81618160c19e5a22bc1057b6c8b85b,OLE compound document,ok,
problem:2022:E:073c09d3002a,2022,E,2022-E,attachment,no,papers/problems/2022/E/数据集/基本数据/附件2、锡林郭勒统计年鉴（2016-2021）/锡林郭勒统计年鉴2017/2017年鉴/第二部分：全盟篇/10、运输和邮电业/10-3.xlsx,xlsx,12202,8607a1058f5e42a191a265cff53026ab0f8ac76b66277e8dff85f5a89e81fc65,OOXML,ok,
problem:2022:E:d54a561a444b,2022,E,2022-E,attachment,no,papers/problems/2022/E/数据集/基本数据/附件2、锡林郭勒统计年鉴（2016-2021）/锡林郭勒统计年鉴2017/2017年鉴/第二部分：全盟篇/11、国内贸易与服务业已/11-10(完成).xls,xls,52224,aa20023f16fc3d6fab324876ca78d1cb90b39a17abec5b2d583c0d857dffa809,OLE compound document,ok,
problem:2022:E:fe930480914c,2022,E,2022-E,attachment,no,papers/problems/2022/E/数据集/基本数据/附件2、锡林郭勒统计年鉴（2016-2021）/锡林郭勒统计年鉴2017/2017年鉴/第二部分：全盟篇/11、国内贸易与服务业已/11-1完成主要年份社会消费品零售额.xlsx,xlsx,14314,176c5c5b2278c2b47f079548bdb3d74de5c7783881b737dd98b0d412f1a0addd,OOXML,ok,
problem:2022:E:abf341d7f4fb,2022,E,2022-E,attachment,no,papers/problems/2022/E/数据集/基本数据/附件2、锡林郭勒统计年鉴（2016-2021）/锡林郭勒统计年鉴2017/2017年鉴/第二部分：全盟篇/11、国内贸易与服务业已/11-2和3.xls,xls,40448,32dec686a63d31c972ba7320c460111d05fc07864ffd4f8bd498f00dd3226437,OLE compound document,ok,
problem:2022:E:52fda1440278,2022,E,2022-E,attachment,no,papers/problems/2022/E/数据集/基本数据/附件2、锡林郭勒统计年鉴（2016-2021）/锡林郭勒统计年鉴2017/2017年鉴/第二部分：全盟篇/11、国内贸易与服务业已/11-4和5.xls,xls,37888,80c46b516b76550723b2d2890f4b356d1e9c53ae37f206958100dfd9495d5028,OLE compound document,ok,
problem:2022:E:cbb07e000b7e,2022,E,2022-E,attachment,no,papers/problems/2022/E/数据集/基本数据/附件2、锡林郭勒统计年鉴（2016-2021）/锡林郭勒统计年鉴2017/2017年鉴/第二部分：全盟篇/11、国内贸易与服务业已/11-6和7.xls,xls,58368,b92f82b0e27138bb33fff2dd6d54bc4a56755143efb09ee2a5b08db6b42f3b85,OLE compound document,ok,
problem:2022:E:8fefe47cbb1e,2022,E,2022-E,attachment,no,papers/problems/2022/E/数据集/基本数据/附件2、锡林郭勒统计年鉴（2016-2021）/锡林郭勒统计年鉴2017/2017年鉴/第二部分：全盟篇/11、国内贸易与服务业已/11-8和9.xls,xls,40960,8feac8f33fde279770d9903f607296efe5c6189835d91c8acf96fef2c9190ae9,OLE compound document,ok,
problem:2022:E:6e1439a1c2c4,2022,E,2022-E,attachment,no,papers/problems/2022/E/数据集/基本数据/附件2、锡林郭勒统计年鉴（2016-2021）/锡林郭勒统计年鉴2017/2017年鉴/第二部分：全盟篇/12、固定资产投资/12-1到12-6.xls,xls,99328,562084849d9479601eb8651efa978c919932f69c506881423f74740a8339c777,OLE compound document,ok,
problem:2022:E:2248d29e2d3a,2022,E,2022-E,attachment,no,papers/problems/2022/E/数据集/基本数据/附件2、锡林郭勒统计年鉴（2016-2021）/锡林郭勒统计年鉴2017/2017年鉴/第二部分：全盟篇/12、固定资产投资/12-7到12-10.xls,xls,20992,c1ed1b72680229309f3ab19a1ae65f7404ce9af6dfb6cf957b7b86e9366f26d5,OLE compound document,ok,
problem:2022:E:d2a5dbbdc54c,2022,E,2022-E,attachment,no,papers/problems/2022/E/数据集/基本数据/附件2、锡林郭勒统计年鉴（2016-2021）/锡林郭勒统计年鉴2017/2017年鉴/第二部分：全盟篇/13、人民生活/13-10到13-15.xls,xls,41984,1a6466a40484d4d8aa519a81bebcc854f01df0cb6232332ddeea6604d24738dd,OLE compound document,ok,
problem:2022:E:4b819a25ba91,2022,E,2022-E,attachment,no,papers/problems/2022/E/数据集/基本数据/附件2、锡林郭勒统计年鉴（2016-2021）/锡林郭勒统计年鉴2017/2017年鉴/第二部分：全盟篇/13、人民生活/13-1到13-9.xls,xls,75264,ff0f048ad96eac1835fde5be84db6172186fd45953ccb807aebcf525d3c7f002,OLE compound document,ok,
problem:2022:E:0a6d9b66d343,2022,E,2022-E,attachment,no,papers/problems/2022/E/数据集/基本数据/附件2、锡林郭勒统计年鉴（2016-2021）/锡林郭勒统计年鉴2017/2017年鉴/第二部分：全盟篇/14、财政和税收/14-1至14-4.xls,xls,52224,12ecd8db2d474f4ba1fa014a604e5ce76cc23f8dd73da8df27dc26fe7f5bd05b,OLE compound document,ok,
problem:2022:E:1a818588dc53,2022,E,2022-E,attachment,no,papers/problems/2022/E/数据集/基本数据/附件2、锡林郭勒统计年鉴（2016-2021）/锡林郭勒统计年鉴2017/2017年鉴/第二部分：全盟篇/15、金融和保险/15-1到15-4.xls,xls,54784,aeca751aca9c68a79bc0eb0bc74d9d508280bf9e1cd43a5c4879fa503d29f1a3,OLE compound document,ok,
problem:2022:E:5b626d1cf021,2022,E,2022-E,attachment,no,papers/problems/2022/E/数据集/基本数据/附件2、锡林郭勒统计年鉴（2016-2021）/锡林郭勒统计年鉴2017/2017年鉴/第二部分：全盟篇/16、文化、教育、科技和广播电视/16-1（文化事业）.xls,xls,24064,a6b1a2367edbd9cadd0c4b75ca9c05e8f71e40433dda831172ccb905723ede0b,OLE compound document,ok,
problem:2022:E:4a9ebe6eff58,2022,E,2022-E,attachment,no,papers/problems/2022/E/数据集/基本数据/附件2、锡林郭勒统计年鉴（2016-2021）/锡林郭勒统计年鉴2017/2017年鉴/第二部分：全盟篇/16、文化、教育、科技和广播电视/16-2（教育）.xls,xls,32256,7bc52a3f82b9610bf390215ab39669cb9f2920ae558f467e04f4e2237d573fb0,OLE compound document,ok,
problem:2022:E:1d8b4f9757de,2022,E,2022-E,attachment,no,papers/problems/2022/E/数据集/基本数据/附件2、锡林郭勒统计年鉴（2016-2021）/锡林郭勒统计年鉴2017/2017年鉴/第二部分：全盟篇/16、文化、教育、科技和广播电视/16-3（科技）.xls,xls,19456,477f80e316c86a1a7652a70b4e93736a63d4ac0678380d732218b8a2f9c5e050,OLE compound document,ok,
problem:2022:E:8def6da964d3,2022,E,2022-E,attachment,no,papers/problems/2022/E/数据集/基本数据/附件2、锡林郭勒统计年鉴（2016-2021）/锡林郭勒统计年鉴2017/2017年鉴/第二部分：全盟篇/16、文化、教育、科技和广播电视/16-4锡林郭勒统计年鉴（广播电视事业基本情况）(1).xlsx,xlsx,12074,d1be370ed07af20c6d1f1467601d2dac2ed55e26ab3386f4cfaaaa2bfe1981f4,OOXML,ok,
problem:2022:E:e78fc837dd0c,2022,E,2022-E,attachment,no,papers/problems/2022/E/数据集/基本数据/附件2、锡林郭勒统计年鉴（2016-2021）/锡林郭勒统计年鉴2017/2017年鉴/第二部分：全盟篇/17、体育、卫生/17-1（体育事业）.xls,xls,24576,4e23420536f60f7321410cc0fe6eafefc19d741d92579c8efd5878cf6ed9b174,OLE compound document,ok,
problem:2022:E:b930ad08f058,2022,E,2022-E,attachment,no,papers/problems/2022/E/数据集/基本数据/附件2、锡林郭勒统计年鉴（2016-2021）/锡林郭勒统计年鉴2017/2017年鉴/第二部分：全盟篇/17、体育、卫生/17-2（卫生）.xls,xls,23040,f987a54afa9f37203a6bb417154090c82f1f32125fa4806fd6d4c836491f5e4a,OLE compound document,ok,
problem:2022:E:b66ad2736a84,2022,E,2022-E,attachment,no,papers/problems/2022/E/数据集/基本数据/附件2、锡林郭勒统计年鉴（2016-2021）/锡林郭勒统计年鉴2017/2017年鉴/第二部分：全盟篇/18、城市建设和环境保护/18-1锡林郭勒统计年鉴（城建部门资料）7月25日定稿(1)(1).xlsx,xlsx,14878,783f395dc3f417df61b03d15738805278af44eebb44ac5e477fd3eb9a6c13cfc,OOXML,ok,
problem:2022:E:6a438bfca399,2022,E,2022-E,attachment,no,papers/problems/2022/E/数据集/基本数据/附件2、锡林郭勒统计年鉴（2016-2021）/锡林郭勒统计年鉴2017/2017年鉴/第二部分：全盟篇/18、城市建设和环境保护/18-2十二五时期新型城镇化检测基础数据(1).xls,xls,25600,077b3b9562040c84ee1772a62e82270c69afd5ee5a028b43236b012a2df1eca1,OLE compound document,ok,
problem:2022:E:e44853070fc2,2022,E,2022-E,attachment,no,papers/problems/2022/E/数据集/基本数据/附件2、锡林郭勒统计年鉴（2016-2021）/锡林郭勒统计年鉴2017/2017年鉴/第二部分：全盟篇/18、城市建设和环境保护/18-3（环保）.xls,xls,16384,baadc3ef96e44f0ab5a3bce1cc45bb472d6c239727b92b3d1cee22ee158c83fa,OLE compound document,ok,
problem:2022:E:7642fe34e832,2022,E,2022-E,attachment,no,papers/problems/2022/E/数据集/基本数据/附件2、锡林郭勒统计年鉴（2016-2021）/锡林郭勒统计年鉴2017/2017年鉴/第二部分：全盟篇/19、社会保障与安全/19-1到19-6（社保）(完成).xls,xls,37376,d8db195c58056b3f4ab82036f5b0700c2659bddcfc2e71b666401182904cb761,OLE compound document,ok,
problem:2022:E:6ea83ef3880f,2022,E,2022-E,attachment,no,papers/problems/2022/E/数据集/基本数据/附件2、锡林郭勒统计年鉴（2016-2021）/锡林郭勒统计年鉴2017/2017年鉴/第二部分：全盟篇/19、社会保障与安全/19-7火灾.xls,xls,25600,5bd80c6921a0239cb1a73717456ca5b310231bd7c705c2c1e6c4f294383d327a,OLE compound document,ok,
problem:2022:E:e020afbbf225,2022,E,2022-E,attachment,no,"papers/problems/2022/E/数据集/基本数据/附件2、锡林郭勒统计年鉴（2016-2021）/锡林郭勒统计年鉴2017/2017年鉴/第二部分：全盟篇/19、社会保障与安全/19-8,9火灾与交通.xls",xls,30208,d8c16c322c720a481eac0f8eade4fb8f352c6f560ea3a9afec6d558ddfc6e730,OLE compound document,ok,
problem:2022:E:486d3c4cb947,2022,E,2022-E,attachment,no,"papers/problems/2022/E/数据集/基本数据/附件2、锡林郭勒统计年鉴（2016-2021）/锡林郭勒统计年鉴2017/2017年鉴/第二部分：全盟篇/1、行政区划和自然资源/1-1,2,3.xlsx",xlsx,14924,a6aab4c8adae4e5c60c18a0a3e510b8d0ce1f2fd25ccff70198935be32dd915d,OOXML,ok,
problem:2022:E:23779e52353c,2022,E,2022-E,attachment,no,papers/problems/2022/E/数据集/基本数据/附件2、锡林郭勒统计年鉴（2016-2021）/锡林郭勒统计年鉴2017/2017年鉴/第二部分：全盟篇/1、行政区划和自然资源/1-4.xlsx,xlsx,18011,d0fdc04f35907e4df25b3472f5e9e8a23374db9e1d0b7baefeec9777dd7846df,OOXML,ok,
problem:2022:E:86df9cebb68e,2022,E,2022-E,attachment,no,papers/problems/2022/E/数据集/基本数据/附件2、锡林郭勒统计年鉴（2016-2021）/锡林郭勒统计年鉴2017/2017年鉴/第二部分：全盟篇/1、行政区划和自然资源/1-5.xls,xls,17920,78e6366f62339a23f770c4911291e81fad5e694432d07ba421a64a29d138fc34,OLE compound document,ok,
problem:2022:E:4bddafe899f2,2022,E,2022-E,attachment,no,papers/problems/2022/E/数据集/基本数据/附件2、锡林郭勒统计年鉴（2016-2021）/锡林郭勒统计年鉴2017/2017年鉴/第二部分：全盟篇/1、行政区划和自然资源/1-6.xlsx,xlsx,9172,6bccde211ea27ce31688be212b0adf263e6210f846f83f72f073ae975a4fa4d8,OOXML,ok,
problem:2022:E:3cdcd6e5ae15,2022,E,2022-E,attachment,no,papers/problems/2022/E/数据集/基本数据/附件2、锡林郭勒统计年鉴（2016-2021）/锡林郭勒统计年鉴2017/2017年鉴/第二部分：全盟篇/20、旅游和外贸/20-1（旅游）(1).xls,xls,20480,16c361a016bdbe72975ce983ffe1e223758b8fa7422474b7d83e6a8defc7dd70,OLE compound document,ok,
problem:2022:E:b0167cdc2800,2022,E,2022-E,attachment,no,papers/problems/2022/E/数据集/基本数据/附件2、锡林郭勒统计年鉴（2016-2021）/锡林郭勒统计年鉴2017/2017年鉴/第二部分：全盟篇/20、旅游和外贸/20-2（外贸）(1).xlsx,xlsx,13162,dc901f89fa3344df6470fc698ea804d1c80bb14d501d83a9462ca6fbf6987dcc,OOXML,ok,
problem:2022:E:a3471eb48499,2022,E,2022-E,attachment,no,papers/problems/2022/E/数据集/基本数据/附件2、锡林郭勒统计年鉴（2016-2021）/锡林郭勒统计年鉴2017/2017年鉴/第二部分：全盟篇/21、妇女儿童发展状况/21-1妇女儿童发展状况监测指标.xls,xls,48128,117c6704d4e6bfbd015aeeac1b001afc5807b9e545ff63e9cd79f4ee7490a6b5,OLE compound document,ok,
problem:2022:E:d46524003d3c,2022,E,2022-E,attachment,no,papers/problems/2022/E/数据集/基本数据/附件2、锡林郭勒统计年鉴（2016-2021）/锡林郭勒统计年鉴2017/2017年鉴/第二部分：全盟篇/21、妇女儿童发展状况/妇女儿童发展状况监测指标解释.doc,doc,93184,e4ea6954191bfab5bf9cedbc551960d6bd22011a0766e4332abd48e00a684959,OLE compound document,ok,
problem:2022:E:8f84496901aa,2022,E,2022-E,attachment,no,"papers/problems/2022/E/数据集/基本数据/附件2、锡林郭勒统计年鉴（2016-2021）/锡林郭勒统计年鉴2017/2017年鉴/第二部分：全盟篇/22旗县市区篇/22-10,11.xlsx",xlsx,17131,830ae13b8ff56e249d071a83f1a99b30cc6e27a5aecf127b4fa89c646fef5e78,OOXML,ok,
problem:2022:E:c68881fb2194,2022,E,2022-E,attachment,no,papers/problems/2022/E/数据集/基本数据/附件2、锡林郭勒统计年鉴（2016-2021）/锡林郭勒统计年鉴2017/2017年鉴/第二部分：全盟篇/22旗县市区篇/22-12和22-27（农牧业）.xlsx,xlsx,73322,578fcc0050e8a00b0646bea543fa6ac08aa14de18aa9f03cb1e66102d0caa8d5,OOXML,ok,
problem:2022:E:87f5649a2b29,2022,E,2022-E,attachment,no,papers/problems/2022/E/数据集/基本数据/附件2、锡林郭勒统计年鉴（2016-2021）/锡林郭勒统计年鉴2017/2017年鉴/第二部分：全盟篇/22旗县市区篇/22-1到22-4（自然资源和人口）(完成).xls,xls,40448,f39da3f379ec717a168ad8b70c8e1e337f358923b06043a926882be9acde022d,OLE compound document,ok,
problem:2022:E:bf4660ebcf47,2022,E,2022-E,attachment,no,papers/problems/2022/E/数据集/基本数据/附件2、锡林郭勒统计年鉴（2016-2021）/锡林郭勒统计年鉴2017/2017年鉴/第二部分：全盟篇/22旗县市区篇/22-28和29（农牧其他数据）.xls,xls,30208,f0ef004f08d7f8981a3bf251ad1fac07c0f13efcc7d23af47cab79e343d3d52e,OLE compound document,ok,
problem:2022:E:d977f79986fb,2022,E,2022-E,attachment,no,papers/problems/2022/E/数据集/基本数据/附件2、锡林郭勒统计年鉴（2016-2021）/锡林郭勒统计年鉴2017/2017年鉴/第二部分：全盟篇/22旗县市区篇/22-30（工业产量）.xls,xls,32768,56c96a8b6538abbeaa32a6184dd5bd1d160e0d09e878a15a56928dcee21322b4,OLE compound document,ok,
problem:2022:E:c7f978078384,2022,E,2022-E,attachment,no,papers/problems/2022/E/数据集/基本数据/附件2、锡林郭勒统计年鉴（2016-2021）/锡林郭勒统计年鉴2017/2017年鉴/第二部分：全盟篇/22旗县市区篇/22-31（新增）.xlsx,xlsx,11016,7dcd55928772991cf7b0bdcc22d737d55f0b1df45bd86bb350d5e4853b202de6,OOXML,ok,
problem:2022:E:1ab158a3d46b,2022,E,2022-E,attachment,no,papers/problems/2022/E/数据集/基本数据/附件2、锡林郭勒统计年鉴（2016-2021）/锡林郭勒统计年鉴2017/2017年鉴/第二部分：全盟篇/22旗县市区篇/22-32.xlsx,xlsx,18762,a8729a2b96d00fc8db50b3d3305044a329b7defc26e6def2140916b1ebef6967,OOXML,ok,
problem:2022:E:9269b14bb5c7,2022,E,2022-E,attachment,no,papers/problems/2022/E/数据集/基本数据/附件2、锡林郭勒统计年鉴（2016-2021）/锡林郭勒统计年鉴2017/2017年鉴/第二部分：全盟篇/22旗县市区篇/22-33和34（能源）.xls,xls,34816,f8fcb1875cc755f589aab6e9bc46579f92e6123be6c1dd52bf9d142f97787765,OLE compound document,ok,
problem:2022:E:854b8ad9f28a,2022,E,2022-E,attachment,no,papers/problems/2022/E/数据集/基本数据/附件2、锡林郭勒统计年鉴（2016-2021）/锡林郭勒统计年鉴2017/2017年鉴/第二部分：全盟篇/22旗县市区篇/22-35到37建筑业）.xls,xls,28160,149414d65d83bb7f8748cb646851f83513a8fc09031b82130caf02b865f82961,OLE compound document,ok,
problem:2022:E:9466f40e9fa6,2022,E,2022-E,attachment,no,papers/problems/2022/E/数据集/基本数据/附件2、锡林郭勒统计年鉴（2016-2021）/锡林郭勒统计年鉴2017/2017年鉴/第二部分：全盟篇/22旗县市区篇/22-38到41（投资）.xls,xls,43520,ade3cc904dfccec6b65697343920111485e25d3906fca159a1689ebca44f739c,OLE compound document,ok,
problem:2022:E:c0ff5e921a5f,2022,E,2022-E,attachment,no,"papers/problems/2022/E/数据集/基本数据/附件2、锡林郭勒统计年鉴（2016-2021）/锡林郭勒统计年鉴2017/2017年鉴/第二部分：全盟篇/22旗县市区篇/22-42,3（房地产和社零）.xls",xls,20992,c7748097790f799a06603153e359d33eb96ac1d74d985fd71bffdef9f008a6e8,OLE compound document,ok,
problem:2022:E:aa93432ad2d7,2022,E,2022-E,attachment,no,papers/problems/2022/E/数据集/基本数据/附件2、锡林郭勒统计年鉴（2016-2021）/锡林郭勒统计年鉴2017/2017年鉴/第二部分：全盟篇/22旗县市区篇/22-44到47（批零住宿限上企业）.xls,xls,31744,9342e6efd907b54d7a279d7f1e1c105361005b22b6511d431af22353e09addd0,OLE compound document,ok,
problem:2022:E:758f2bca38eb,2022,E,2022-E,attachment,no,papers/problems/2022/E/数据集/基本数据/附件2、锡林郭勒统计年鉴（2016-2021）/锡林郭勒统计年鉴2017/2017年鉴/第二部分：全盟篇/22旗县市区篇/22-48（服务业）(完成).xls,xls,26112,45334dac2d3c04600e57ce8b187d899974d1d735af999fb28d72580bca39428a,OLE compound document,ok,
problem:2022:E:9921334a8b2f,2022,E,2022-E,attachment,no,papers/problems/2022/E/数据集/基本数据/附件2、锡林郭勒统计年鉴（2016-2021）/锡林郭勒统计年鉴2017/2017年鉴/第二部分：全盟篇/22旗县市区篇/22-49到50财政.xls,xls,23040,bf175b1691a6a1599a7d19a9300adbfd9c89ba5b7ffb0c7f9d96816a779d8815,OLE compound document,ok,
problem:2022:E:669951127d46,2022,E,2022-E,attachment,no,papers/problems/2022/E/数据集/基本数据/附件2、锡林郭勒统计年鉴（2016-2021）/锡林郭勒统计年鉴2017/2017年鉴/第二部分：全盟篇/22旗县市区篇/22-51金融.xls,xls,28672,84c90e0c7b0c56d7866d5ea3682f430cc893fbf6119157a186afdf05a7b2a54d,OLE compound document,ok,
problem:2022:E:abbe3b0524f3,2022,E,2022-E,attachment,no,papers/problems/2022/E/数据集/基本数据/附件2、锡林郭勒统计年鉴（2016-2021）/锡林郭勒统计年鉴2017/2017年鉴/第二部分：全盟篇/22旗县市区篇/22-52到55（教育）.xls,xls,26112,fb9555ebdf7fae03d501103b89d34fa75c05569408e3877e8daa05c89da083c4,OLE compound document,ok,
problem:2022:E:a5ee78e3fa1e,2022,E,2022-E,attachment,no,papers/problems/2022/E/数据集/基本数据/附件2、锡林郭勒统计年鉴（2016-2021）/锡林郭勒统计年鉴2017/2017年鉴/第二部分：全盟篇/22旗县市区篇/22-56到58（卫生）.xls,xls,26624,e51be642215d8f28fe11b0fe5e30aa340f9795c65aca89050ad2ce6e9d7a20ce,OLE compound document,ok,
problem:2022:E:a97671d4fc16,2022,E,2022-E,attachment,no,papers/problems/2022/E/数据集/基本数据/附件2、锡林郭勒统计年鉴（2016-2021）/锡林郭勒统计年鉴2017/2017年鉴/第二部分：全盟篇/22旗县市区篇/22-59到69(城乡收入）.xls,xls,46080,d2826006686cb2d6e975f2d6b50a050c310013359cef0eecc0edfb63cf8351b9,OLE compound document,ok,
problem:2022:E:7c2d857b073b,2022,E,2022-E,attachment,no,papers/problems/2022/E/数据集/基本数据/附件2、锡林郭勒统计年鉴（2016-2021）/锡林郭勒统计年鉴2017/2017年鉴/第二部分：全盟篇/22旗县市区篇/22-5和22-6（核算）.xls,xls,28160,4ac2d7520eeb6e8ca3014b6bb7e22ab41349676826b7c2024eb42e6d2e63e73c,OLE compound document,ok,
problem:2022:E:eb24d0c82cb4,2022,E,2022-E,attachment,no,papers/problems/2022/E/数据集/基本数据/附件2、锡林郭勒统计年鉴（2016-2021）/锡林郭勒统计年鉴2017/2017年鉴/第二部分：全盟篇/22旗县市区篇/22-7（就业人员、基本单位和工资）.xls,xls,28160,725314d364ebb1e350dabba56932a3e8ab14a6d56108f7668a2e43338de92040,OLE compound document,ok,
problem:2022:E:b865a75c3bfe,2022,E,2022-E,attachment,no,papers/problems/2022/E/数据集/基本数据/附件2、锡林郭勒统计年鉴（2016-2021）/锡林郭勒统计年鉴2017/2017年鉴/第二部分：全盟篇/22旗县市区篇/22-8.xlsx,xlsx,10357,13d5b51b87f9d6127eef9248edb089799b2987b784140a5849563a477012e03b,OOXML,ok,
problem:2022:E:5574a0341638,2022,E,2022-E,attachment,no,papers/problems/2022/E/数据集/基本数据/附件2、锡林郭勒统计年鉴（2016-2021）/锡林郭勒统计年鉴2017/2017年鉴/第二部分：全盟篇/22旗县市区篇/22-9.xls,xls,21504,0be04b4bc67510155d6927fd60f682f91cc28be1911d73f000f55e50247922db,OLE compound document,ok,
problem:2022:E:2a173764da77,2022,E,2022-E,attachment,no,papers/problems/2022/E/数据集/基本数据/附件2、锡林郭勒统计年鉴（2016-2021）/锡林郭勒统计年鉴2017/2017年鉴/第二部分：全盟篇/2、综合核算/2-1（李栋）(1).xls,xls,54272,12914dcf3858ea818c449927d9b62e960884fd164bebbc86279cec3b85a2baed,OLE compound document,ok,
problem:2022:E:2da14982fda3,2022,E,2022-E,attachment,no,papers/problems/2022/E/数据集/基本数据/附件2、锡林郭勒统计年鉴（2016-2021）/锡林郭勒统计年鉴2017/2017年鉴/第二部分：全盟篇/2、综合核算/2-2到2-5.xls,xls,79872,f83aab86b7f0bf2a3315df4e732cb4822cde0a0493a933cf388fa023e0606590,OLE compound document,ok,
problem:2022:E:51fc54c9f132,2022,E,2022-E,attachment,no,papers/problems/2022/E/数据集/基本数据/附件2、锡林郭勒统计年鉴（2016-2021）/锡林郭勒统计年鉴2017/2017年鉴/第二部分：全盟篇/3、人口/3-1到3-4(完成).xls,xls,51200,504da5de719a7a567ad6e192829897dacd3e0cb03e47c8f24eed3061dd5fd93e,OLE compound document,ok,
problem:2022:E:5a4a52751bed,2022,E,2022-E,attachment,no,papers/problems/2022/E/数据集/基本数据/附件2、锡林郭勒统计年鉴（2016-2021）/锡林郭勒统计年鉴2017/2017年鉴/第二部分：全盟篇/4、基本单位/4-1.xls,xls,18944,655ba216ed6958123eb9cf7402e1e258c982304cea671c700f2630895b633f60,OLE compound document,ok,
problem:2022:E:7a6f5f4da160,2022,E,2022-E,attachment,no,papers/problems/2022/E/数据集/基本数据/附件2、锡林郭勒统计年鉴（2016-2021）/锡林郭勒统计年鉴2017/2017年鉴/第二部分：全盟篇/4、基本单位/4-2.xls,xls,19968,104458e3bb5c4a71181f5aef86be2e5b603ecf8be409b57eca69ad12f5f59c66,OLE compound document,ok,
problem:2022:E:31076ea04d8f,2022,E,2022-E,attachment,no,papers/problems/2022/E/数据集/基本数据/附件2、锡林郭勒统计年鉴（2016-2021）/锡林郭勒统计年鉴2017/2017年鉴/第二部分：全盟篇/4、基本单位/4-3.xls,xls,83456,c4c1ea6c2a358dda7fb926b7fd9c36970a35ff387bfa3a079ed6e353bb1c1166,OLE compound document,ok,
problem:2022:E:bbc98a45fd24,2022,E,2022-E,attachment,no,papers/problems/2022/E/数据集/基本数据/附件2、锡林郭勒统计年鉴（2016-2021）/锡林郭勒统计年鉴2017/2017年鉴/第二部分：全盟篇/5、从业人员和职工工资/5-1至5-6.xls,xls,244736,5cc5bb35f5dbda91bf958e59729d2abc7b15d943ad389f21ffc7838ebaf40c4a,OLE compound document,ok,
problem:2022:E:7aae32ee9b00,2022,E,2022-E,attachment,no,papers/problems/2022/E/数据集/基本数据/附件2、锡林郭勒统计年鉴（2016-2021）/锡林郭勒统计年鉴2017/2017年鉴/第二部分：全盟篇/5、从业人员和职工工资/5-7和8.xls,xls,32768,b60a8f050092dfd42a47577982c6abd7ba28c8ffb13466ff8ef6de5b7d6832e9,OLE compound document,ok,
problem:2022:E:b8083e21059a,2022,E,2022-E,attachment,no,papers/problems/2022/E/数据集/基本数据/附件2、锡林郭勒统计年鉴（2016-2021）/锡林郭勒统计年鉴2017/2017年鉴/第二部分：全盟篇/6、农业/6-11农业.xls,xls,32768,32182976a01e4022a6ca139d1f69a583289181ddc4ab50e43aa097a16323909e,OLE compound document,ok,
problem:2022:E:0f4cd0230146,2022,E,2022-E,attachment,no,papers/problems/2022/E/数据集/基本数据/附件2、锡林郭勒统计年鉴（2016-2021）/锡林郭勒统计年鉴2017/2017年鉴/第二部分：全盟篇/6、农业/6-12到13.xls,xls,27136,b648703b222c4f30bacf9d1e1b4edec8fcdae454276bcf1527f92a1baccaede0,OLE compound document,ok,
problem:2022:E:3ea04416a19b,2022,E,2022-E,attachment,no,papers/problems/2022/E/数据集/基本数据/附件2、锡林郭勒统计年鉴（2016-2021）/锡林郭勒统计年鉴2017/2017年鉴/第二部分：全盟篇/6、农业/6-1到6-8.xls,xls,121344,10027bb5ed2c9ce80b94a7442d4668bde307c2fbaec3d0c26b3d8eff1196319d,OLE compound document,ok,
problem:2022:E:040045e67ac9,2022,E,2022-E,attachment,no,papers/problems/2022/E/数据集/基本数据/附件2、锡林郭勒统计年鉴（2016-2021）/锡林郭勒统计年鉴2017/2017年鉴/第二部分：全盟篇/6、农业/6-9和10.xls,xls,28160,9509a753b25fe42edf3793ab6d80e7889782cd144954d491d4ade0d31f0f0277,OLE compound document,ok,
problem:2022:E:eb2d7ec3b145,2022,E,2022-E,attachment,no,papers/problems/2022/E/数据集/基本数据/附件2、锡林郭勒统计年鉴（2016-2021）/锡林郭勒统计年鉴2017/2017年鉴/第二部分：全盟篇/7、工业/7-1到7-6（新增）.xlsx,xlsx,44588,c9601216c52c6e7f98612b32fb364a21bdd8d37fe6672ba7be04a94ebc0cc251,OOXML,ok,
problem:2022:E:7ad4b4849282,2022,E,2022-E,attachment,no,papers/problems/2022/E/数据集/基本数据/附件2、锡林郭勒统计年鉴（2016-2021）/锡林郭勒统计年鉴2017/2017年鉴/第二部分：全盟篇/7、工业/7-7到7-14.xlsx,xlsx,83854,97cf756f962b25a33c3b26946fd9072d3521add4a8fa2a877d5bae1bfb7a59f5,OOXML,ok,
problem:2022:E:53f839110403,2022,E,2022-E,attachment,no,papers/problems/2022/E/数据集/基本数据/附件2、锡林郭勒统计年鉴（2016-2021）/锡林郭勒统计年鉴2017/2017年鉴/第二部分：全盟篇/8、能源/8-1和8-3.xls,xls,19968,a0148862ef7b2b2a3aa8d076b7fa7be1fee04ebc6ec935ca5d91501254e3d147,OLE compound document,ok,
problem:2022:E:814cc483f776,2022,E,2022-E,attachment,no,papers/problems/2022/E/数据集/基本数据/附件2、锡林郭勒统计年鉴（2016-2021）/锡林郭勒统计年鉴2017/2017年鉴/第二部分：全盟篇/8、能源/8-4至8-5.xls,xls,71168,088733123ffd6b907910d23f4fb00d99fe69e009a9a3fa3773e82e23d9408529,OLE compound document,ok,
problem:2022:E:7b9731f4c6c3,2022,E,2022-E,attachment,no,papers/problems/2022/E/数据集/基本数据/附件2、锡林郭勒统计年鉴（2016-2021）/锡林郭勒统计年鉴2017/2017年鉴/第二部分：全盟篇/8、能源/8-6和8-7.xlsx,xlsx,14819,3303d60d9e2057de4fc322a5221e32c5d30926f391fe46c069afb272bebae064,OOXML,ok,
problem:2022:E:d254d207feeb,2022,E,2022-E,attachment,no,papers/problems/2022/E/数据集/基本数据/附件2、锡林郭勒统计年鉴（2016-2021）/锡林郭勒统计年鉴2017/2017年鉴/第二部分：全盟篇/9建筑业/9-1到9-4.xls,xls,62976,79c5d2800444f2303c08f73ca48eac99b44f8d1a4d01af108e0f035a7fc34007,OLE compound document,ok,
problem:2022:E:99ead9980429,2022,E,2022-E,attachment,no,papers/problems/2022/E/数据集/基本数据/附件2、锡林郭勒统计年鉴（2016-2021）/锡林郭勒统计年鉴2018.pdf,pdf,131769633,5f9598cdfcc079d36390b55554041db584f2e0fa9aa10263a8b4382305421036,PDF,ok,
problem:2022:E:8ed01e8fac3a,2022,E,2022-E,attachment,no,papers/problems/2022/E/数据集/基本数据/附件2、锡林郭勒统计年鉴（2016-2021）/锡林郭勒统计年鉴2019.pdf,pdf,25375757,64e6bc51020588cdcd582323c730f744642d96fc0486599a1c9bf4891215a2d6,PDF,ok,
problem:2022:E:547f4089f751,2022,E,2022-E,attachment,no,papers/problems/2022/E/数据集/基本数据/附件2、锡林郭勒统计年鉴（2016-2021）/锡林郭勒统计年鉴2020.pdf,pdf,13705204,13ba050573ca7f4bbab3ba65c5b190dd09e288b22d0cddde9f79d13b66723c12,PDF,ok,
problem:2022:E:5c27c9ec902c,2022,E,2022-E,attachment,no,papers/problems/2022/E/数据集/基本数据/附件2、锡林郭勒统计年鉴（2016-2021）/锡林郭勒统计年鉴2021.pdf,pdf,12826036,7c0cedab7535cb417c08d799b229a8a31f86a854116cdfe5a86d92fd8efa3f39,PDF,ok,
problem:2022:E:816720c974ed,2022,E,2022-E,attachment,no,papers/problems/2022/E/数据集/基本数据/附件3、土壤湿度2022—2012年.xls,xls,39936,a74255057111324a8dc4dd4aacfe9004588aff9e68a6b9fd975dc3817275213b,OLE compound document,ok,
problem:2022:E:382e5d9548da,2022,E,2022-E,attachment,no,papers/problems/2022/E/数据集/基本数据/附件4、土壤蒸发量2012—2022年.xls,xls,35840,9ebccd5163bb25c7418a8b33fd23621406913aaf992a998b2f484bae126dc2a0,OLE compound document,ok,
problem:2022:E:d464182a4019,2022,E,2022-E,attachment,no,papers/problems/2022/E/数据集/基本数据/附件5、绿植覆盖率（2020-2022）/2020绿植覆盖率.xls,xls,14336,246428786b14654e59835f38d7b909337abdebbe3ed120f430fd812e35e17d8f,OLE compound document,ok,
problem:2022:E:11b8237bdc29,2022,E,2022-E,attachment,no,papers/problems/2022/E/数据集/基本数据/附件5、绿植覆盖率（2020-2022）/2021绿植覆盖率.xls,xls,9728,e7b1f06ec68978ec033f05fa3249202a23fb93ef8a3a4dde90f8f57dae694c9b,OLE compound document,ok,
problem:2022:E:278b81db5125,2022,E,2022-E,attachment,no,papers/problems/2022/E/数据集/基本数据/附件5、绿植覆盖率（2020-2022）/2022绿植覆盖率.xls,xls,5632,94ea6518c54c7fe3adf048fe672889e9665e6fe1a7d9e8d541ba8d9719044bde,OLE compound document,ok,
problem:2022:E:0f92b2d3fe3e,2022,E,2022-E,attachment,no,papers/problems/2022/E/数据集/基本数据/附件6、植被指数-NDVI2012-2022年.xls,xls,32768,97cef907ce67b26b6361b2214299024226bce9b02f0da10e55e44b09ff8ba3af,OLE compound document,ok,
problem:2022:E:9794ebed3504,2022,E,2022-E,attachment,no,papers/problems/2022/E/数据集/基本数据/附件7、锡林郭勒土壤基本数据.xls,xls,22016,4fd718832b6a8fe3b7d3847492268a6e8ae8c124afa82a917b6b75de2c6a6403,OLE compound document,ok,
problem:2022:E:5c91c43ac1dc,2022,E,2022-E,attachment,no,papers/problems/2022/E/数据集/基本数据/附件8、锡林郭勒盟气候2012-2022/2012年.xls,xls,20480,906a34eb556aa61789adbf898485854261003d800496ef3bb1733faa8e7aba05,OLE compound document,ok,
problem:2022:E:5b635206b5f9,2022,E,2022-E,attachment,no,papers/problems/2022/E/数据集/基本数据/附件8、锡林郭勒盟气候2012-2022/2013年.xls,xls,20480,de01a1e2bbf2606d57a776de687d4da274451fc8ad39a2ee1c54c9c118dcfb80,OLE compound document,ok,
problem:2022:E:aa7e4e128176,2022,E,2022-E,attachment,no,papers/problems/2022/E/数据集/基本数据/附件8、锡林郭勒盟气候2012-2022/2014年.xls,xls,20480,f062f88d4a969b679dc9884a70bb6276eb73e1e93ffc4b76f734988ef1e2678c,OLE compound document,ok,
problem:2022:E:230b5fe4354e,2022,E,2022-E,attachment,no,papers/problems/2022/E/数据集/基本数据/附件8、锡林郭勒盟气候2012-2022/2015年.xls,xls,20480,5b50528be48de0f00b2e91540347477770bc96c4ddb9072bfa5ae6726969cbbb,OLE compound document,ok,
problem:2022:E:9233aab4c6f3,2022,E,2022-E,attachment,no,papers/problems/2022/E/数据集/基本数据/附件8、锡林郭勒盟气候2012-2022/2016年.xls,xls,20480,d4b3d9c3b81d7644e237d27dc7566ea273a2ed7278cc40bca50f75da67fc23b7,OLE compound document,ok,
problem:2022:E:3e4fef64dfb1,2022,E,2022-E,attachment,no,papers/problems/2022/E/数据集/基本数据/附件8、锡林郭勒盟气候2012-2022/2017年.xls,xls,20480,143a5ba90a0028ebac73a33d3ed8ab67f1511168081e24db1ed70ae7fad0bbaf,OLE compound document,ok,
problem:2022:E:f8f36fa50910,2022,E,2022-E,attachment,no,papers/problems/2022/E/数据集/基本数据/附件8、锡林郭勒盟气候2012-2022/2018年.xls,xls,20480,2f79bcd77e22b11855bc04b6101d0a69b47449f7940628c5099ff99b2d267e57,OLE compound document,ok,
problem:2022:E:7c2fcb0d8b1a,2022,E,2022-E,attachment,no,papers/problems/2022/E/数据集/基本数据/附件8、锡林郭勒盟气候2012-2022/2019年.xls,xls,20480,c9002b0f4b6bdc50f57f916ee7cf355580e449a9793527ca15b553945d4a7d38,OLE compound document,ok,
problem:2022:E:d7ed46bab205,2022,E,2022-E,attachment,no,papers/problems/2022/E/数据集/基本数据/附件8、锡林郭勒盟气候2012-2022/2020年.xls,xls,20480,fd3ce6c2c3a1ac9cb3cf333c3282741d996fa45de5c5cfa30de6ed72e3b69835,OLE compound document,ok,
problem:2022:E:e377eee328de,2022,E,2022-E,attachment,no,papers/problems/2022/E/数据集/基本数据/附件8、锡林郭勒盟气候2012-2022/2021年.xls,xls,20480,a6a0f218d24d90cbc3dcff66c7b53b800bed8185cb077d06da44c507a7374454,OLE compound document,ok,
problem:2022:E:8bd788074a28,2022,E,2022-E,attachment,no,papers/problems/2022/E/数据集/基本数据/附件8、锡林郭勒盟气候2012-2022/2022年.xls,xls,17408,4dd81e497ae3290a4a40ee7bfd777ef1f794046845759076d98623f1a8fc7c08,OLE compound document,ok,
problem:2022:E:7db6e777eca6,2022,E,2022-E,attachment,no,papers/problems/2022/E/数据集/基本数据/附件8、锡林郭勒盟气候2012-2022/新建 Microsoft Excel 工作表.xls,xls,15872,25db96e030a400cb566d5356faa686a05f98cfe594faa769dc63c99cfe023a36,OLE compound document,ok,
problem:2022:E:c8f305ed87bb,2022,E,2022-E,attachment,no,papers/problems/2022/E/数据集/基本数据/附件9、径流量2012-2022年.xlsx,xlsx,15798,9486e34d71ed1d85ddc24adb338f1b1029c223f1e63dd98093587f28751012e8,OOXML,ok,
problem:2022:E:471854ae5625,2022,E,2022-E,attachment,no,papers/problems/2022/E/数据集/监测点数据/~$古自治区锡林郭勒盟典型草原轮牧放牧样地群落结构监测数据集（2016年6月1日-2020年9月17日）数据说明.docx,docx,162,15bb958292d85c3416fb728cb9911abbc0270f096d27b88288c4cc08bda6c339,OOXML,signature_mismatch,temporary_office_file
problem:2022:E:aba93e12ddf8,2022,E,2022-E,attachment,no,papers/problems/2022/E/数据集/监测点数据/附件12：内蒙古自治区锡林郭勒盟不同牧户生态畜牧业模式群落样方调查数据集/内蒙古自治区锡林郭勒盟不同牧户生态畜牧业模式群落样方调查数据集（2018年7月-2020年9月）_.xlsx,xlsx,38451,12e52b8e155b57f6e187fc95586908f0b7c32d73d4cf4073110468a8fc482305,OOXML,ok,
problem:2022:E:7efe0ada8662,2022,E,2022-E,attachment,no,papers/problems/2022/E/数据集/监测点数据/附件12：内蒙古自治区锡林郭勒盟不同牧户生态畜牧业模式群落样方调查数据集/内蒙古自治区锡林郭勒盟不同牧户生态畜牧业模式群落样方调查数据集（2018年7月-2020年9月）数据说明.docx,docx,505853,0782ccde1cd7b9b52b7a050937a8aaca7f4de9c73a768e46c6c9d0188dc93ac9,OOXML,ok,
problem:2022:E:ff13036d6215,2022,E,2022-E,attachment,no,papers/problems/2022/E/数据集/监测点数据/附件13：内蒙古自治区锡林郭勒盟不同示范牧户牲畜数量调查数据集（2018年7月-2020年9月）/内蒙古自治区锡林郭勒盟不同示范牧户牲畜数量调查数据集（2018年7月28日-2020年9月30日）.xlsx,xlsx,13681,492145ff723ec58af009e7536eaf37076cf369f83c96916ab1b2d30433c1acf7,OOXML,ok,
problem:2022:E:32020aa4bafd,2022,E,2022-E,attachment,no,papers/problems/2022/E/数据集/监测点数据/附件13：内蒙古自治区锡林郭勒盟不同示范牧户牲畜数量调查数据集（2018年7月-2020年9月）/内蒙古自治区锡林郭勒盟不同示范牧户牲畜数量调查数据集（2018年7月28日-2020年9月30日）数据说明.docx,docx,12871,0c5ba911b883315bd18fe20549c269e88608026e01b68c3ccd506bcc9b76d657,OOXML,ok,
problem:2022:E:38123a94a73e,2022,E,2022-E,attachment,no,papers/problems/2022/E/数据集/监测点数据/附件14：内蒙古自治区锡林郭勒盟典型草原不同放牧强度土壤碳氮监测数据集（2012年8月15日-2020年8月15日）/内蒙古自治区锡林郭勒盟典型草原不同放牧强度土壤碳氮监测数据集（2012年8月15日-2020年8月15日）.xlsx,xlsx,21503,2d5069e98c80e91b6feacdc8328bf8f66152909264f53220be23997c2db2f466,OOXML,ok,
problem:2022:E:91ce6260868b,2022,E,2022-E,attachment,no,papers/problems/2022/E/数据集/监测点数据/附件14：内蒙古自治区锡林郭勒盟典型草原不同放牧强度土壤碳氮监测数据集（2012年8月15日-2020年8月15日）/内蒙古自治区锡林郭勒盟典型草原不同放牧强度土壤碳氮监测数据集（2012年8月15日-2020年8月15日）数据说明.docx,docx,109663,cdd5772b062125807c216de2867c1752a3060e4d231a9f5ef37987227a277b60,OOXML,ok,
problem:2022:E:c16d3c1e9af3,2022,E,2022-E,attachment,no,papers/problems/2022/E/数据集/监测点数据/附件15：内蒙古自治区锡林郭勒盟典型草原轮牧放牧样地群落结构监测数据集（2016年6月-2020年9月）。/内蒙古自治区锡林郭勒盟典型草原轮牧放牧样地群落结构监测数据集（201.xlsx,xlsx,3941347,2fbcc687cc0f4f229b3f7751e1177d2c473dbde34abb5f68249a82c56c13f72c,OOXML,ok,
problem:2022:E:6b276da1eca4,2022,E,2022-E,attachment,no,papers/problems/2022/E/数据集/监测点数据/附件15：内蒙古自治区锡林郭勒盟典型草原轮牧放牧样地群落结构监测数据集（2016年6月-2020年9月）。/内蒙古自治区锡林郭勒盟典型草原轮牧放牧样地群落结构监测数据集（2016年6月1日-2020年9月17日）数据说明.docx,docx,443567,118f889b370f76b1ebe48550b097021aabdc860f33d414b81d90725479e14217,OOXML,ok,
problem:2022:E:a5d1ca21790c,2022,E,2022-E,statement_or_supplement,no,papers/problems/2022/E/草原放牧策略研究.doc,doc,251392,f98502ddf2e5cc50368b09eb73594614e005adedca0c1b3ba1377b26101a8910,OLE compound document,ok,
problem:2023:C:f1d092668638,2023,C,2023-C,statement_or_supplement,no,papers/problems/2023/C题/大规模创新类竞赛评审方案研究.docx,docx,26731,33a80560efb742eda6e4c44ebe861a35d19f0a16c1311080a6e1e99aa57a14fa,OOXML,ok,
problem:2023:C:cc8bc5e0c3f8,2023,C,2023-C,attachment,no,papers/problems/2023/C题/数据1.xlsx,xlsx,375933,6b657b4773f320a186fc51efbd00805836f738651ea19934b57757b24e1cbd92,OOXML,ok,
problem:2023:C:f23fdf3b73e0,2023,C,2023-C,attachment,no,papers/problems/2023/C题/数据2.1 .xlsx,xlsx,171076,56f3f89af1aea2cc906e4f782e240377023c97bd36c2fa11940e9f0311ae140a,OOXML,ok,stray_space
problem:2023:C:436deaa0c3c0,2023,C,2023-C,attachment,no,papers/problems/2023/C题/数据2.2 .xlsx,xlsx,1862259,74ba43d608584b240280a5de0b274dfbe35835b24f2f1c6d4ba68214afab3882,OOXML,ok,stray_space
problem:2023:C:f775493464d2,2023,C,2023-C,statement_or_supplement,no,papers/problems/2023/C题/极差的定义及标准分的计算方法.docx,docx,17738,e1c38c17b1c44fc99ec2c63607657b95b5623ffae843926df8ec2b30418700f0,OOXML,ok,
problem:2023:D:c3111395fab0,2023,D,2023-D,statement_or_supplement,no,papers/problems/2023/D题/区域双碳目标与路径规划研究.docx,docx,99341,ac4a6e27d0e3274af72996701569519e041a817a021024fd8480498ec65490a4,OOXML,ok,
problem:2023:D:bfe3b04cb075,2023,D,2023-D,attachment,no,papers/problems/2023/D题/数据_区域双碳目标与路径规划研究（含拆分数据表）.xlsx,xlsx,67757,493fcf49025926c1271a525bdd9e5c7c6deb4a89060fee04496d89a1a386f8ea,OOXML,ok,
problem:2023:E:a3f3d77d5492,2023,E,2023-E,statement_or_supplement,no,papers/problems/2023/E题/出血性脑卒中临床智能诊疗建模.docx,docx,259469,380adb38c89f2331103021b22925e906e072d48428e8a5fdac0843364fe2da31,OOXML,ok,
problem:2023:E:9a16134d80d7,2023,E,2023-E,attachment,no,papers/problems/2023/E题/数据/竞赛发布数据/表1-患者列表及临床信息.xlsx,xlsx,27621,b085ee1d27eb816cbd22d13d7487e24067164a332ff8c813f0b3d1d4fdfe3069,OOXML,ok,
problem:2023:E:46c1819e0925,2023,E,2023-E,attachment,no,papers/problems/2023/E题/数据/竞赛发布数据/表2-患者影像信息血肿及水肿的体积及位置.xlsx,xlsx,187530,9937b800efffe0b503717f8183c9eee50670b158594b3655e1d0498bb686ac50,OOXML,ok,
problem:2023:E:1b029d019d91,2023,E,2023-E,attachment,no,papers/problems/2023/E题/数据/竞赛发布数据/表3-患者影像信息血肿及水肿的形状及灰度分布.xlsx,xlsx,514778,35254b2884fe1445750fab506927f78d1ff696b0f230da3b448408e459838a1c,OOXML,ok,
problem:2023:E:6d0634462e76,2023,E,2023-E,attachment,no,papers/problems/2023/E题/数据/竞赛发布数据/表4-答案文件.xlsx,xlsx,13811,d5f9b067c0b28757a539a8fdbb66714d79865df89f4b1afc06ced28fdacfb2ac,OOXML,ok,
problem:2023:E:77a1fd70a7e5,2023,E,2023-E,attachment,no,papers/problems/2023/E题/数据/竞赛发布数据/附表1-检索表格-流水号vs时间.xlsx,xlsx,31264,9c46db788d1ee2893e4ba62b0efed7ef828badfc7ad1d84dfea5e39544faf711,OOXML,ok,
problem:2023:E:1204f9bca22f,2023,E,2023-E,attachment,no,papers/problems/2023/E题/附件2-相关概念.docx,docx,633619,63e3d21c88591475a8aec74a8fab27d81a7460f4a6fae6a990e3d5e86eba9a8b,OOXML,ok,
problem:2023:UNASSIGNED:349499c6fe73,2023,UNASSIGNED,2023-UNASSIGNED,attachment,no,papers/problems/2023/附表1-检索表格-流水号vs时间(1).xlsx,xlsx,31184,cac1b1865a28d55509a4af00ee506b9b01ca1804681252d4a087cbe574bd66fb,OOXML,ok,
problem:2024:C:2ed0b2f50ed3,2024,C,2024-C,statement_or_supplement,no,papers/problems/2024/C题/数据驱动下磁性元件的磁芯损耗建模.docx,docx,743935,3268b0b7a1a3ccc5e72cc1490f7389063a7df35e35d307228e952504054e1ec8,OOXML,ok,
problem:2024:C:503dcdf3249c,2024,C,2024-C,attachment,no,papers/problems/2024/C题/附件一（训练集）sheet12.xlsx,xlsx,68294898,b0d9e53ef553bbd59665318e50255eec77f2a345e73a272e604c40bcf51bb3e2,OOXML,ok,
problem:2024:C:929246322544,2024,C,2024-C,attachment,no,papers/problems/2024/C题/附件一（训练集）sheet34.xlsx,xlsx,63564277,3ab6664958045678b13ae54fefcf813713b11d967144d1c4b99559a60e2214e7,OOXML,ok,
problem:2024:C:5edcf55db10f,2024,C,2024-C,attachment,no,papers/problems/2024/C题/附件三（测试集）.xlsx,xlsx,4341620,8c403b8d7717e42567ec7c6dec204feff87023b83d45b87ec0c983c53a2d929a,OOXML,ok,
problem:2024:C:bca42f171519,2024,C,2024-C,attachment,no,papers/problems/2024/C题/附件二（测试集）.xlsx,xlsx,890928,b46a4bf69331a41d4cf6190c97906914619c76335bef43ef37ba148cd99fc66c,OOXML,ok,
problem:2024:C:4c564604aaa2,2024,C,2024-C,attachment,no,papers/problems/2024/C题/附件四（Excel表）.xlsx,xlsx,14973,d8fdffdf63839f7b40d5dd87be6923af04ad1d52180072a47c5b4df70832c1c8,OOXML,ok,
problem:2024:D:70e83e5a7852,2024,D,2024-D,statement_or_supplement,no,papers/problems/2024/D题/大数据驱动的地理综合问题.docx,docx,135131,1eec438427ccd4777615e094a8ec7871ebdbe2cad2f438453d92402c89f90299,OOXML,ok,
problem:2024:E:8a229d3698a1,2024,E,2024-E,statement_or_supplement,no,papers/problems/2024/E题/数据说明.docx,docx,13024,f830fc5108d010e2fa3e0a6966da37f1aa1e055357ab64c712951edb9e3193ff,OOXML,ok,
problem:2024:E:e428c36b9a8b,2024,E,2024-E,statement_or_supplement,no,papers/problems/2024/E题/高速公路应急车道启用建模.docx,docx,109541,72caaae4fe63995fddbe8dbe5a8986596430035612c9d53facd04fe98f323f7b,OOXML,ok,
problem:2024:UNASSIGNED:6463510d4113,2024,UNASSIGNED,2024-UNASSIGNED,attachment,no,papers/problems/2024/“华为杯”第二十一届中国研究生数学建模竞赛F题附录.docx,docx,1324924,9b25dc5ab3541c80b5cdb42ef6934882d87e5628d7577b27479aba31849f1311,OOXML,ok,
problem:2025:A:b4de4dfa6939,2025,A,2025-A,blind_test_statement,yes,papers/problems/2025/A题：通用神经网络处理器下的核内调度问题.docx,docx,592649,dc4670c67f3a06721cfa466663fa87925a0aa67cb89e2528920790299ee0b395,OOXML,ok,
problem:2025:B:5d5985b26bd2,2025,B,2025-B,blind_test_statement,yes,papers/problems/2025/B题：无线通信系统链路速率建模.docx,docx,308887,e7a2484a1a415dd0b2b7862aade0c4044980b617c19c0477bd022c21a03e7606,OOXML,ok,
problem:2025:C:5cb7acdd15bf,2025,C,2025-C,blind_test_statement,yes,papers/problems/2025/C题：围岩裂隙精准识别与三维模型重构.docx,docx,3404002,73abf9eab5ea39a9fdec86c0d61e215366fe85835e2b7359e48ed83f526f998d,OOXML,ok,
problem:2025:D:647e6c54002f,2025,D,2025-D,blind_test_statement,yes,papers/problems/2025/D题：低空湍流监测及最优航路规划.docx,docx,961052,b009f4598ac3eb1f126eb2d30ec26ecaafcb873819771e14d8de9a347c6fb7bf,OOXML,ok,
problem:2025:E:22ebf67b9250,2025,E,2025-E,blind_test_statement,yes,papers/problems/2025/E题：高速列车轴承智能故障诊断问题.docx,docx,329464,7cb50a6ae623ea1a484ab65de1dd1b77b8738853ea3e2e02c2bf73e8e4813b2c,OOXML,ok,
problem:2025:F:43de6b487f68,2025,F,2025-F,blind_test_statement,yes,papers/problems/2025/F题：江南古典园林的美学特征建模.docx,docx,3952865,4445e6ee83df8796411551e3978629fcad79ec417ddb3c8c08f848636b21c6e9,OOXML,ok,
